filename,Country,VST,CEFR,CEFR_Number,SUBTLEXus_Freq_Log_CW_TAALES,COCA_magazine_lemma_frequency_Log_CW_TAALES,All_AWL_Normed_TAALES,Brysbaert_Concreteness_Combined_CW_TAALES,LD_Mean_RT_CW_TAALES,mattr50_aw_TAALED,hdd42_aw_TAALED,mtld_original_aw
W_THA_152.txt,THA,15,A2_0,1,4.046494942,2.621205568,0.015555556,2.940155039,610.8750988,0.690689655,0.78002685,43.02510917
W_JPN_164.txt,JPN,19,B1_1,2,3.791265534,2.386655185,0.014354067,3.15507177,609.0556373,0.669659443,0.759095441,40.33426966
W_JPN_170.txt,JPN,22,B1_2,3,4.126510246,2.602203456,0.020454545,3.194959677,603.9301639,0.707393939,0.808241333,45.49602807
W_CHN_022.txt,CHN,21,A2_0,1,3.97631991,2.523579128,0.021686747,3.088423423,607.1143636,0.754411765,0.812366839,64.38095238
W_SIN_010.txt,SIN,45,B1_2,3,3.751821888,2.35440376,0.041841004,2.876320346,622.797533,0.78685567,0.816853613,65.68448099
W_JPN_366.txt,JPN,19,B1_1,2,3.873664865,2.474939963,0.021634615,3.22793722,615.0978995,0.7536875,0.818328511,53.51682639
W_THA_378.txt,THA,23,A2_0,1,4.238997854,2.608613419,0.019512195,3.198111588,610.3364378,0.648242075,0.751084075,38.73019992
W_JPN_400.txt,JPN,20,A2_0,1,4.179414,2.621255437,0.012195122,3.095019455,608.1735341,0.711321696,0.782863907,43.31351503
W_THA_393.txt,THA,40,B1_2,3,4.195568116,2.709698751,0.016293279,3.01365942,608.7388768,0.711234867,0.774412916,47.24417761
W_THA_230.txt,THA,24,A2_0,1,4.3425872,2.731208276,0.020930233,3.088055556,600.3835223,0.646892655,0.762019724,39.31445866
W_JPN_206.txt,JPN,17,A2_0,1,4.053442512,2.600916843,0.023310023,3.187333333,605.5208252,0.634764706,0.710548893,33.57620062
W_PHL_069.txt,PHL,46,B1_2,3,3.979724378,2.575057535,0.025943396,3.110640394,610.6252284,0.745617978,0.78794192,50.4201693
W_KOR_074.txt,KOR,35,A2_0,1,4.016605019,2.611526053,0.053268765,3.237384615,605.5178906,0.663333333,0.77789669,35.40515532
W_THA_032.txt,THA,23,A2_0,1,4.101500766,2.703698313,0.018518519,2.867557252,611.6518217,0.787460317,0.850745023,70.88095238
W_THA_026.txt,THA,11,A2_0,1,3.996618367,2.543462395,0.022514071,2.906802721,619.9914676,0.699147982,0.772530827,43.79108806
W_CHN_142.txt,CHN,28,B1_1,2,3.969334545,2.548617821,0.019900498,2.962694064,611.1993182,0.791304348,0.818514228,69.12108455
W_JPN_004.txt,JPN,40,B2_0,4,4.011241228,2.494331423,0.017857143,2.971610169,617.3327111,0.773665689,0.828283345,59.58577602
W_CHN_157.txt,CHN,32,B1_1,2,3.776682759,2.466025702,0.046948357,3.059826087,614.9817904,0.750207715,0.80852219,58.02543338
W_CHN_143.txt,CHN,28,B1_1,2,3.927356299,2.499825664,0.024691358,3.166961538,620.3233068,0.718035264,0.789792496,49.78228342
W_THA_027.txt,THA,36,B1_2,3,4.144726695,2.521246094,0.024774775,3.103206751,614.3519492,0.721243243,0.785461591,48.93681086
W_KOR_075.txt,KOR,38,B2_0,4,4.039459016,2.594660367,0.032467532,3.04844,613.7957676,0.81426087,0.843235022,85.3587156
W_SIN_165.txt,SIN,45,B1_2,3,3.286311462,2.175939033,0.084016393,3.041851852,636.595813,0.743707317,0.810411889,56.58226455
W_KOR_115.txt,KOR,39,B1_1,2,3.783840336,2.379380553,0.046153846,3.29443038,619.6737975,0.810444444,0.847028123,79.69223373
W_THA_386.txt,THA,36,B1_2,3,3.931244017,2.547308834,0.023041475,3.165726141,613.0266094,0.709830508,0.777033179,43.13536158
W_TWN_111.txt,TWN,21,B1_1,2,4.260269058,2.688506463,0.024886878,2.887929515,615.9420721,0.700930233,0.773325279,47.39577406
W_JPN_367.txt,JPN,22,A2_0,1,3.880133824,2.458032306,0.014669927,3.101127451,617.1359113,0.730095847,0.784830657,47.8862919
W_THA_351.txt,THA,37,B1_2,3,4.053637344,2.520442867,0.046153846,2.957107438,614.423278,0.697377049,0.775050436,48.44346936
W_SIN_005.txt,SIN,47,B2_0,4,3.569931298,2.213964721,0.046783626,2.992091255,628.8658366,0.775452539,0.828726605,67.81906134
W_THA_345.txt,THA,39,B1_2,3,3.787377419,2.495765511,0.052631579,3.112874494,613.1357724,0.736238806,0.81750909,53.70117506
W_THA_190.txt,THA,17,A2_0,1,4.03310241,2.562327495,0.04137931,3.189372549,605.4838618,0.733908046,0.807235344,57.61036597
W_JPN_171.txt,JPN,20,B1_1,2,3.919089641,2.504610012,0.011037528,3.104901961,613.3042339,0.738166189,0.817993923,57.39173676
W_THA_147.txt,THA,12,A2_0,1,3.759659567,2.420402823,0.016771488,3.187240143,624.1456985,0.713028846,0.776644061,44.38636364
W_THA_145.txt,THA,32,B1_1,2,3.866584082,2.437585454,0.042735043,3.107642276,614.3045902,0.750510204,0.806949541,60.52758569
W_JPN_173.txt,JPN,23,B1_1,2,3.751188412,2.325361461,0.027906977,3.068,620.587931,0.745846154,0.819614499,56.47082888
W_THA_179.txt,THA,15,A2_0,1,3.918121739,2.545730596,0.024038462,3.167276265,610.7459036,0.76169279,0.835994649,64.66634976
W_JPN_167.txt,JPN,26,A2_0,1,3.799697034,2.490459024,0.020689655,3.169916667,616.0448498,0.755348837,0.822653511,67.21863621
W_CHN_035.txt,CHN,29,B1_1,2,3.771794298,2.403510736,0.032119914,2.937336245,623.8801762,0.76505102,0.806640098,63.8616946
W_HKG_061.txt,HKG,44,B2_0,4,3.451268534,2.307504187,0.087557604,2.828205128,636.1462555,0.790773481,0.833524224,78.62778473
W_THA_353.txt,THA,40,B1_2,3,3.888048214,2.500414075,0.030837004,2.975638767,615.4463063,0.675434783,0.734739343,39.78223765
W_JPN_239.txt,JPN,21,A2_0,1,3.711169196,2.450642107,0.042986425,3.205,620.3442466,0.7552,0.827521667,59.48677566
W_KOR_088.txt,KOR,26,A2_0,1,3.816498837,2.375040943,0.061702128,3.339269231,629.1759922,0.717855228,0.805006312,54.46253549
W_TWN_098.txt,TWN,40,B1_2,3,3.999971591,2.632503642,0.036093418,2.9525,614.7978788,0.739116883,0.800232147,53.66329521
W_IDN_008.txt,IDN,38,A2_0,1,3.788342146,2.42785325,0.03992016,3.192423077,613.0880309,0.726009615,0.806233871,46.82484351
W_TWN_067.txt,TWN,22,A2_0,1,4.105742584,2.494977363,0.021428571,3.245507246,602.7120673,0.720060241,0.792606416,44.81814284
W_KOR_077.txt,KOR,47,B1_1,2,3.676861875,2.281105439,0.060491493,3.104285714,625.2537618,0.741612903,0.824217285,64.93577678
W_THA_025.txt,THA,30,B1_1,2,4.056573932,2.611435994,0.02739726,2.912948718,615.5447863,0.753714286,0.814189401,57.93420514
W_THA_031.txt,THA,40,B1_2,3,4.058180247,2.617856548,0.028824834,3.063153527,606.212161,0.676686047,0.799005516,41.85673077
W_CHN_155.txt,CHN,33,B1_1,2,3.955763359,2.517942285,0.025291829,2.926221374,616.4884411,0.740651163,0.809315838,56.05025978
W_KOR_274.txt,KOR,43,B2_0,4,3.765410033,2.523067619,0.037234043,3.065065359,619.0197659,0.737721519,0.809360862,52.91163522
W_CHN_140.txt,CHN,21,A2_0,1,3.761426446,2.434518796,0.041860465,3.006378601,616.7485477,0.800508475,0.841705743,80.7907489
W_KOR_062.txt,KOR,41,A2_0,1,4.014828906,2.541271178,0.027027027,2.949683794,611.5605859,0.676923077,0.770072083,43.9973109
W_SIN_172.txt,SIN,45,B1_2,3,3.590904167,2.322502327,0.043396226,2.996882129,625.1450385,0.755879828,0.804229338,61.91096782
W_KOR_089.txt,KOR,27,A2_0,1,3.717174576,2.377277678,0.023866348,3.149830508,621.5462979,0.726548673,0.793329356,48.91550923
W_TWN_106.txt,TWN,33,B1_2,3,4.00569823,2.559434751,0.026373626,2.821453744,609.8471681,0.73015625,0.77769437,50.44726944
W_IDN_182.txt,IDN,45,A2_0,1,3.608124151,2.357508939,0.060810811,3.357490494,623.9077273,0.736198347,0.820256948,54.0332981
W_JPN_358.txt,JPN,31,A2_0,1,3.766359583,2.379544528,0.030905077,3.172323651,615.7003404,0.770502793,0.834760525,64.42857143
W_CHN_034.txt,CHN,34,B1_1,2,3.691829075,2.386533924,0.043165468,2.941327434,624.8477679,0.794047619,0.84421525,79.81574038
W_CHN_020.txt,CHN,25,B1_1,2,3.859130093,2.470304674,0.037296037,2.99337963,613.2194884,0.753370787,0.805128412,63.0405267
W_JPN_172.txt,JPN,26,B1_1,2,3.955775969,2.607818164,0.008213552,3.16090566,611.0713889,0.71205,0.786735872,51.62239735
W_CHN_018.txt,CHN,39,B1_2,3,3.923072603,2.51365681,0.035897436,3.063394495,618.6492958,0.669865772,0.775292186,36.64756098
W_THA_140.txt,THA,20,A2_0,1,3.785670833,2.476720061,0.033653846,2.97593361,619.312,0.785337423,0.835276967,72.54884873
W_THA_183.txt,THA,23,A2_0,1,4.293624701,2.749706298,0.029268293,2.880156863,601.15848,0.668271605,0.759905676,34.26510329
W_JPN_374.txt,JPN,30,B1_1,2,3.916369257,2.506045111,0.015734266,2.9527,614.3323986,0.752175732,0.831602157,56.86156768
W_CHN_232.txt,CHN,38,B1_1,2,3.667377288,2.366830841,0.049115914,2.980733333,624.4668601,0.766761905,0.822360951,69.1247173
W_JPN_348.txt,JPN,25,B1_1,2,3.7655364,2.433783342,0.030588235,3.488031496,613.6663052,0.715549133,0.842338068,56.38392857
W_SIN_002.txt,SIN,44,B1_2,3,3.404973188,2.230397337,0.085889571,2.903455882,639.4604015,0.785227818,0.824488534,71.7448411
W_THA_342.txt,THA,42,A2_0,1,3.615536364,2.335058876,0.061135371,2.927419355,631.0935628,0.784141689,0.835980588,68.83560121
W_TWN_102.txt,TWN,45,B1_1,2,4.000206912,2.603158114,0.011764706,3.056768559,613.512757,0.789728097,0.83744228,76.3125
W_JPN_200.txt,JPN,25,B1_1,2,3.962472692,2.602053847,0.031128405,2.931910112,607.5839216,0.769746193,0.818064228,63.26687031
W_JPN_214.txt,JPN,23,A2_0,1,3.740239594,2.421029388,0.023640662,3.104536585,610.0445641,0.751038576,0.80299385,47.3697644
W_THA_222.txt,THA,15,A2_0,1,3.962371364,2.491337701,0.023923445,3.014162896,618.6141364,0.736559767,0.7921024,50.56103211
W_SIN_162.txt,SIN,46,B1_2,3,3.402349827,2.222051508,0.053264605,3.077412587,625.7393357,0.774233129,0.807069919,68.55827402
W_JPN_228.txt,JPN,20,A2_0,1,3.791458996,2.400701043,0.019277108,3.178969957,601.3173391,0.672592593,0.800062233,41.95780091
W_JPN_002.txt,JPN,33,B1_2,3,4.032680296,2.606715563,0.024193548,3.210666667,602.6566502,0.624761905,0.72303842,33.90521327
W_CHN_144.txt,CHN,32,B1_1,2,4.002211877,2.582747059,0.037475345,2.851877395,621.9248077,0.748240741,0.794401023,57.65974146
W_JPN_016.txt,JPN,34,B1_2,3,3.95834574,2.452605739,0.034313725,2.900542986,615.5929596,0.718215385,0.79644021,49.09048471
W_THA_034.txt,THA,40,B1_2,3,3.853739063,2.468032592,0.030634573,3.080996169,619.5778175,0.710246575,0.81543049,42.3315934
W_CHN_187.txt,CHN,35,B1_1,2,3.689446383,2.345897899,0.044491525,3.08185654,622.448319,0.757959184,0.814524562,60.51317314
W_KOR_259.txt,KOR,44,B2_0,4,3.818145122,2.448329041,0.054216867,2.974979424,618.0961633,0.797113924,0.832066637,69.66410187
W_CHN_145.txt,CHN,28,B1_1,2,3.882925664,2.583417584,0.046666667,2.747831858,614.9714732,0.712506887,0.774737154,48.26973419
W_JPN_003.txt,JPN,34,A2_0,1,3.860108475,2.465687119,0.013888889,3.234937238,614.8220851,0.708647059,0.784205792,49.76796972
W_SIN_163.txt,SIN,45,B1_2,3,3.516337407,2.254993441,0.051330798,3.020674157,626.3289963,0.744391304,0.794505335,53.53880483
W_THA_237.txt,THA,44,B1_2,3,4.174339013,2.610502596,0.016746411,3.01454955,612.5325561,0.744911243,0.799762472,56.92616486
W_THA_223.txt,THA,44,B1_2,3,4.160969492,2.627935779,0.013392857,2.923373984,604.8426068,0.735689655,0.818043816,45.46318978
W_JPN_215.txt,JPN,21,B1_1,2,3.89467973,2.521987652,0.023201856,3.055619469,610.9468182,0.777463977,0.844715942,76.68851736
W_CHN_353.txt,CHN,38,B2_0,4,3.781923109,2.402536648,0.047311828,3.023744856,622.7320588,0.80112,0.84823831,88.14502924
W_KOR_113.txt,KOR,42,A2_0,1,3.672692887,2.392325667,0.032822757,2.914152542,618.1010593,0.736613757,0.798163588,55.00940783
W_THA_343.txt,THA,33,B1_1,2,4.149579508,2.629708724,0.017777778,3.003770492,605.3589256,0.728647215,0.794123725,51.45906971
W_THA_357.txt,THA,46,B1_2,3,3.940057244,2.525595698,0.025896414,3.020627178,617.7062633,0.730696517,0.811532237,57.35946892
W_IDN_193.txt,IDN,41,A2_0,1,3.547119331,2.333371224,0.057569296,3.234344569,625.5844615,0.742395833,0.82832911,57.625
W_HKG_071.txt,HKG,43,B1_2,3,3.676451737,2.438315221,0.04526749,3.10859375,619.4288095,0.749925187,0.81179355,61.76789635
W_HKG_065.txt,HKG,44,B2_0,4,3.521183214,2.295429235,0.062124248,2.949350181,632.9184559,0.771360382,0.828338473,66.14295298
W_THA_155.txt,THA,21,A2_0,1,4.140304651,2.678605652,0.022172949,3.010192308,606.2703488,0.785322581,0.835888359,69.12788841
W_JPN_163.txt,JPN,23,A2_0,1,4.016122917,2.524952844,0.028824834,3.122697095,607.2535,0.728858696,0.792297078,53.1722231
W_THA_169.txt,THA,22,A2_0,1,4.244863592,2.643331109,0.015,2.834417476,615.7269082,0.732176656,0.798867544,46.63194444
W_JPN_177.txt,JPN,29,B1_2,3,3.903689744,2.473731489,0.025821596,3.110210084,612.9542918,0.725443787,0.808899185,51.65254237
W_JPN_161.txt,JPN,21,A2_0,1,3.925030263,2.540041521,0.009174312,3.187914894,609.7060811,0.7336875,0.827574615,45.2746455
W_CHN_027.txt,CHN,28,B1_1,2,3.905665066,2.533357503,0.047281324,2.96995671,614.8627074,0.745823529,0.788965584,49.995002
W_JPN_175.txt,JPN,19,B1_1,2,3.784884071,2.39828368,0.035629454,3.15209607,615.1998206,0.772959502,0.822561347,54.07814408
W_THA_157.txt,THA,45,B1_2,3,3.712680137,2.423471732,0.056751468,3.118020478,619.4855208,0.748084112,0.820532656,53.07960571
W_JPN_149.txt,JPN,26,B1_1,2,3.924132245,2.491165511,0.028017241,2.972539683,613.0640417,0.801127596,0.840978627,74.33333333
W_IDN_191.txt,IDN,40,A2_0,1,4.068242291,2.626748051,0.0430839,3.286872247,598.4489868,0.674824798,0.762274377,39.27272727
W_JPN_363.txt,JPN,21,A2_0,1,3.803255066,2.387938549,0.034965035,3.224229075,610.1756696,0.707089337,0.790054671,47.03590531
W_SIN_015.txt,SIN,45,B1_2,3,3.552722556,2.358176655,0.069662921,2.942099237,631.2969697,0.788882834,0.851352664,92.96363636
W_SIN_001.txt,SIN,45,B1_2,3,3.445627465,2.196004292,0.080586081,3.031241135,635.3170397,0.732991803,0.792207976,55.86853253
W_THA_235.txt,THA,37,B1_2,3,3.831560976,2.481897133,0.029213483,3.094878049,618.6496748,0.733146067,0.805751797,49.77733618
W_CHN_191.txt,CHN,26,B1_1,2,3.800894628,2.469355157,0.042372881,2.98846473,621.802438,0.759173127,0.813548317,63.89814815
W_JPN_014.txt,JPN,37,B1_1,2,3.886618367,2.481679219,0.038,3.031497976,617.126898,0.740246914,0.803027885,56.12742341
W_SIN_174.txt,SIN,47,B2_0,4,3.385816529,2.223265163,0.071278826,2.966708333,634.1528511,0.804790123,0.828631698,77.98282443
W_THA_234.txt,THA,44,B1_2,3,3.945204887,2.549384282,0.04233871,3.031520913,615.6118561,0.733578947,0.813954706,57.14800017
W_SIN_148.txt,SIN,47,B2_0,4,3.693093534,2.384740114,0.048565121,2.81826087,636.1545455,0.780837696,0.818772923,79.02771379
W_JPN_216.txt,JPN,31,B1_2,3,3.701041803,2.35823423,0.026748971,3.110562249,622.1120165,0.811734694,0.852195047,88.8
W_TWN_100.txt,TWN,37,B1_2,3,3.767,2.387065945,0.039506173,3.036445498,616.4571698,0.779512195,0.824021739,71.96305407
W_KOR_138.txt,KOR,45,B2_0,4,3.776376325,2.493307148,0.050682261,3.11513986,615.7027798,0.728487805,0.824469304,48.74328196
W_THA_383.txt,THA,28,B1_1,2,3.945296564,2.476168162,0.04518664,3.113448276,614.8194138,0.679360731,0.78419091,44.20431135
W_THA_340.txt,THA,46,B1_2,3,3.882870996,2.463758272,0.060465116,3.170909091,620.4021304,0.725849582,0.799588088,46.27550566
W_JPN_376.txt,JPN,24,B1_1,2,3.825517695,2.428952594,0.037861915,3.128024691,616.9541494,0.791111111,0.834256632,70.93412117
W_THA_368.txt,THA,28,B1_1,2,3.877590377,2.492852503,0.038374718,2.86707113,628.3928033,0.750778098,0.80378299,57.37258584
W_THA_195.txt,THA,10,A2_0,1,4.009806478,2.54475305,0.023310023,3.074578313,615.6204472,0.774651163,0.831271448,63.7398995
W_THA_156.txt,THA,41,B1_2,3,4.165323605,2.656899101,0.028776978,3.024851064,604.3262771,0.722463343,0.788036306,48.36913095
W_CHN_026.txt,CHN,16,A2_0,1,3.837165351,2.482614259,0.023094688,3.084517544,620.5572368,0.686442577,0.760341866,39.03659476
W_THA_131.txt,THA,26,B1_1,2,4.212440611,2.656164566,0.018306636,2.955042735,602.6107895,0.762099125,0.806377362,59.19634118
W_CHN_041.txt,CHN,15,A2_0,1,4.01652735,2.575282433,0.020689655,3.135798319,606.09375,0.733846154,0.81376102,55.87123061
W_JPN_113.txt,JPN,20,B1_1,2,3.98317026,2.559418339,0.015384615,2.966911765,614.6795113,0.762470309,0.812085723,66.64181413
W_HKG_015.txt,HKG,39,B2_0,4,3.561085821,2.356347542,0.070484581,3.128565891,624.8452734,0.698891967,0.795107125,50.48953508
W_CHN_082.txt,CHN,26,B1_1,2,3.786023077,2.451647209,0.051219512,3.015940171,610.7587069,0.769309309,0.835331762,57.94966655
W_JPN_339.txt,JPN,33,B1_1,2,3.856448606,2.499497565,0.036281179,3.260311284,607.3597992,0.690705882,0.806414655,45.10107862
W_JPN_311.txt,JPN,28,A2_0,1,3.850848511,2.394587965,0.047029703,3.065964912,614.166087,0.738113208,0.803695025,46.31858614
W_KOR_177.txt,KOR,46,B2_0,4,3.937265138,2.560739025,0.038369305,2.925251142,614.3736449,0.759212121,0.806105172,66.89847483
W_SIN_098.txt,SIN,41,B1_2,3,3.680997744,2.388821107,0.042635659,3.23594697,620.665,0.732389791,0.795919757,56.01852864
W_THA_253.txt,THA,30,B1_1,2,3.665379137,2.347856758,0.045248869,3.111413043,626.7593431,0.773782991,0.845003571,73.81792305
W_SIN_113.txt,SIN,42,B1_2,3,3.339128912,2.173444999,0.06500956,3.174479167,636.7264138,0.778693694,0.829712329,72.67758559
W_THA_284.txt,THA,31,B1_1,2,4.017389823,2.609098896,0.038636364,3.063584071,622.0145133,0.718555556,0.780353977,48.60159521
W_KOR_017.txt,KOR,41,B1_1,2,3.509228448,2.280953997,0.035971223,3.248898305,616.5178696,0.715948553,0.821606532,52.68149883
W_JPN_073.txt,JPN,28,B1_2,3,3.94700995,2.519797378,0.020642202,2.983432836,606.6238384,0.750519878,0.802722156,60.94424741
W_JPN_067.txt,JPN,30,B1_2,3,3.942858911,2.375308649,0.029680365,2.868712871,617.1001485,0.695654596,0.764338416,45.63944689
W_JPN_098.txt,JPN,24,A2_0,1,3.860404147,2.466804321,0.041062802,3.119004525,613.5395794,0.663815789,0.790635996,39.90150731
W_KOR_215.txt,KOR,32,B2_0,4,4.09558,2.615549396,0.030516432,3.143688889,610.0900435,0.660115607,0.768675749,34.41706049
W_KOR_228.txt,KOR,44,B2_0,4,3.755959922,2.390153347,0.037344398,3.111294118,615.4311067,0.703060686,0.792567391,46.92055231
W_JPN_099.txt,JPN,25,A2_0,1,3.906784549,2.607158031,0.019002375,3.08892562,614.0687336,0.74371517,0.819616188,62.97236615
W_THA_044.txt,THA,38,B1_2,3,3.938825896,2.516596421,0.054824561,3.024980237,606.0271371,0.738915989,0.80175858,51.50809465
W_THA_050.txt,THA,27,B1_1,2,3.997652586,2.539972954,0.02905569,2.998908297,610.7111111,0.780966767,0.829290372,63.84680674
W_THA_291.txt,THA,41,B1_2,3,3.980862452,2.495546395,0.026845638,3.048269231,608.1942146,0.797900552,0.843817727,88.90822669
W_JPN_264.txt,JPN,26,B1_1,2,3.704976606,2.351854804,0.018518519,3.225509259,617.1053052,0.7485,0.798517989,46.73885063
W_JPN_270.txt,JPN,16,A2_0,1,3.706360648,2.270313138,0.027272727,3.1868,619.81,0.745800604,0.792010238,47.43038498
W_JPN_304.txt,JPN,44,A2_0,1,3.855745701,2.489641143,0.028776978,2.927964602,616.8856422,0.756862745,0.819149395,59.94650321
W_CHN_097.txt,CHN,21,A2_0,1,3.875724615,2.578117043,0.03646833,3.029616858,613.378249,0.745277778,0.79342897,60.32106479
W_JPN_106.txt,JPN,20,A2_0,1,3.756293074,2.372278924,0.046948357,3.070652174,616.7001762,0.725465465,0.820031761,58.92612062
W_THA_124.txt,THA,29,B1_1,2,4.087841438,2.608798584,0.037037037,2.921137931,612.5703425,0.753257919,0.824447245,58.98938187
W_JPN_138.txt,JPN,25,B1_1,2,3.846738532,2.469768164,0.011792453,3.134266055,624.068436,0.697777778,0.775196021,43.59089482
W_CHN_095.txt,CHN,29,B1_1,2,3.821118478,2.438061927,0.044444444,2.925126354,618.6302182,0.773333333,0.810213654,66.17916074
W_THA_330.txt,THA,40,B1_2,3,3.787173668,2.435761783,0.059273423,3.05645768,623.1323585,0.766126126,0.829403721,65.28239821
W_SIN_070.txt,SIN,43,B1_2,3,3.805484279,2.443353003,0.029345372,2.977324561,616.2749333,0.800526316,0.825170266,75.56324686
W_THA_324.txt,THA,20,A2_0,1,3.733411278,2.305649785,0.059241706,3.308619403,610.954053,0.590128205,0.719612335,28.03402062
W_JPN_306.txt,JPN,36,A2_0,1,3.921681933,2.524069572,0.037558685,3.040420168,608.9020426,0.754424242,0.836078564,57.84995799
W_KOR_174.txt,KOR,43,B1_1,2,4.06402467,2.601478651,0.022916667,2.956550218,606.2810177,0.792756757,0.820961502,56.93915757
W_SIN_104.txt,SIN,47,B2_0,4,3.679740278,2.392948179,0.032941176,2.899766355,634.2384977,0.797026239,0.826223125,79.77391304
W_THA_250.txt,THA,29,B1_1,2,3.979107724,2.55566658,0.023310023,3.07766129,610.1820248,0.734561404,0.794124764,56.04565747
W_THA_278.txt,THA,30,B1_1,2,3.76086749,2.429480748,0.053364269,3.03197479,618.3594628,0.727155425,0.796510356,48.10939112
W_THA_287.txt,THA,22,A2_0,1,4.256794059,2.506971178,0.038277512,2.973960396,605.4767662,0.673897281,0.742463864,41.7
W_THA_293.txt,THA,44,B1_2,3,3.826311659,2.363994305,0.036697248,3.05,620.3661818,0.787213115,0.825070082,73
W_JPN_058.txt,JPN,36,B1_2,3,3.884817284,2.514517182,0.020325203,2.946220472,613.2285294,0.771897436,0.82144492,65.3968254
W_THA_052.txt,THA,21,A2_0,1,4.042326027,2.630224627,0.044496487,3.038181818,603.375,0.717829912,0.78163877,43.97705712
W_CHN_122.txt,CHN,32,B1_1,2,3.76895531,2.359687405,0.029411765,3.002133333,623.3163839,0.786307278,0.832541284,82.22763158
W_JPN_070.txt,JPN,28,A2_0,1,3.935321296,2.496073802,0.029885057,3.148240741,614.0185185,0.697869822,0.794238252,45.74194121
W_THA_085.txt,THA,17,A2_0,1,3.7774893,2.385416715,0.047029703,3.078647541,625.6933745,0.771382637,0.858058113,70.94300518
W_THA_091.txt,THA,14,A2_0,1,4.032838618,2.593401593,0.015350877,3.02556,610.3181893,0.759217877,0.821020648,59.50705645
W_KOR_217.txt,KOR,37,B1_2,3,3.7291,2.407393996,0.049107143,3.146748971,618.1162343,0.746397849,0.813074354,50.64137205
W_THA_090.txt,THA,15,A2_0,1,3.970670149,2.544300958,0.040567951,3.038801498,617.3354682,0.733016627,0.789939274,55.67633889
W_THA_053.txt,THA,21,A2_0,1,4.155672532,2.605374237,0.032786885,3.143305085,603.9629437,0.714086379,0.80364896,48.85333261
W_KOR_029.txt,KOR,36,B1_1,2,3.987153587,2.564724173,0.026442308,2.998032787,608.6107627,0.732352941,0.799808094,53.67989418
W_JPN_298.txt,JPN,46,B1_2,3,3.913694787,2.50305964,0.033018868,3.197323944,610.7816667,0.736195965,0.781109191,49.97420431
W_SIN_139.txt,SIN,47,B2_0,4,3.368583704,2.250711981,0.091439689,2.875601504,635.2903371,0.745617978,0.788460462,58.54534314
W_IDN_081.txt,IDN,45,B1_1,2,3.644971521,2.409293093,0.052919708,3.028529412,624.594202,0.785215517,0.858974205,72.7321239
W_IDN_095.txt,IDN,46,A2_0,1,3.572878548,2.383663303,0.044834308,3.066688742,626.0032881,0.738792271,0.833213513,57.99026118
W_JPN_267.txt,JPN,25,B1_1,2,4.059222768,2.638987959,0.013636364,3.083086957,608.9050226,0.754157303,0.803498169,61.18258212
W_KOR_149.txt,KOR,36,A2_0,1,3.826334468,2.344420325,0.042959427,3.047319149,615.7745532,0.706504559,0.782606534,46.40988117
W_JPN_307.txt,JPN,38,A2_0,1,3.938565086,2.53035451,0.031476998,3.066340426,608.5974892,0.717483871,0.822538748,45.71837488
W_JPN_313.txt,JPN,25,A2_0,1,4.069050847,2.617694459,0.030634573,2.75907563,611.3165812,0.773168044,0.806423966,62.12375961
W_SIN_059.txt,SIN,44,B1_2,3,3.821062109,2.445805778,0.041666667,2.886653543,619.8517578,0.775603217,0.844821028,81.96992923
W_SIN_071.txt,SIN,48,B2_0,4,3.346383071,2.163645262,0.080321285,2.935335968,638.9813439,0.693089245,0.764314025,43.15293037
W_HKG_003.txt,HKG,43,B1_2,3,3.676696154,2.409014549,0.034146341,3.033623188,621.3409756,0.775421687,0.816541014,67.61705202
W_JPN_111.txt,JPN,20,A2_0,1,4.154208264,2.637995061,0.029598309,3.043471074,605.5678512,0.648320802,0.748355524,36.84615385
W_CHN_084.txt,CHN,38,B1_2,3,3.613960185,2.414529181,0.054673721,2.828231707,628.2395283,0.854978355,0.877127259,119.801676
W_CHN_090.txt,CHN,27,B1_1,2,3.835325926,2.494633318,0.042056075,2.854857143,610.7802101,0.822738095,0.845175387,98.06676707
W_JPN_303.txt,JPN,38,B1_1,2,3.754376471,2.385521894,0.026506024,2.939144385,620.5469945,0.720058824,0.758844076,46.22222222
W_SIN_075.txt,SIN,45,B1_2,3,3.612412157,2.358330409,0.056751468,3.021299213,626.2883267,0.75690583,0.802367039,63.29546702
W_KOR_171.txt,KOR,12,A2_0,1,3.904732245,2.458069049,0.03892944,3.104734694,619.5014286,0.699626168,0.772881862,42.46807182
W_KOR_159.txt,KOR,21,B1_1,2,3.947022066,2.559231571,0.052752294,3.021284404,618.6241706,0.790238095,0.819251111,69.15458015
W_THA_269.txt,THA,32,B1_1,2,3.987632051,2.581522406,0.04,3.168333333,605.0814957,0.720458453,0.793485744,51.45795232
W_SIN_101.txt,SIN,44,B1_2,3,3.57612618,2.325952762,0.070422535,2.957391304,622.8203478,0.791578947,0.83428864,78.71227545
W_THA_255.txt,THA,31,B1_1,2,3.909362044,2.547181583,0.022540984,3.095183824,613.0618613,0.798545455,0.828555516,66.35237017
W_JPN_288.txt,JPN,40,A2_0,1,3.987373878,2.51279761,0.028384279,3.137698413,609.2887243,0.697430168,0.806496449,45.78541241
W_JPN_075.txt,JPN,23,A2_0,1,3.96302554,2.523408911,0.016032064,3.062384342,611.2374908,0.738427518,0.820481112,53.18119138
W_THA_043.txt,THA,31,B1_1,2,3.966886397,2.655436583,0.034188034,2.99781362,612.4201493,0.766210526,0.821420239,50.55747126
W_JPN_049.txt,JPN,33,B1_2,3,3.847699556,2.459525931,0.01814059,3.125535714,608.4230667,0.687362637,0.778880136,52.13345882
W_KOR_213.txt,KOR,41,B2_0,4,3.678462977,2.330091477,0.050847458,3.05210728,623.3506107,0.734121212,0.83237724,52.42374168
W_THA_081.txt,THA,21,A2_0,1,4.15313871,2.705168303,0.036217304,3.080950704,602.1197491,0.746894866,0.798654202,58.38012295
W_KOR_206.txt,KOR,38,B1_1,2,3.674363184,2.221295718,0.044117647,3.119901478,611.1989394,0.673846154,0.772404082,40.45848624
W_KOR_212.txt,KOR,38,B2_0,4,3.851810185,2.474298182,0.043280182,3.232093023,617.8914884,0.751584699,0.803722085,51.75382568
W_THA_056.txt,THA,35,B1_1,2,4.053572481,2.579704774,0.035416667,2.997671756,600.29,0.6833,0.764983447,42.13647945
W_THA_042.txt,THA,21,A2_0,1,4.293664602,2.697360629,0.013986014,3.032139738,604.5584889,0.727813411,0.804726396,49.70138889
W_CHN_132.txt,CHN,26,B1_1,2,3.826424658,2.440112216,0.056930693,2.896605505,619.007032,0.755379939,0.811681791,59.44203835
W_JPN_289.txt,JPN,44,A2_0,1,3.88635426,2.456107893,0.021226415,2.812088889,619.3854091,0.771071429,0.828440503,73.40789903
W_KOR_004.txt,KOR,38,B2_0,4,3.580572266,2.396303114,0.057259714,3.1390625,625.0302353,0.708790123,0.774200554,45.54893457
W_SIN_100.txt,SIN,47,B2_0,4,3.239906431,2.127683828,0.080279232,2.970983607,638.7652459,0.79444227,0.81201681,74.70440973
W_SIN_114.txt,SIN,46,B1_2,3,3.661434404,2.28963839,0.0496614,3.05453271,624.6419249,0.722196532,0.780957567,50.66037516
W_THA_268.txt,THA,42,B1_2,3,3.839623364,2.497158472,0.025700935,2.977668161,613.7210526,0.747261905,0.793866564,48.10456374
W_TWN_160.txt,TWN,33,B1_2,3,3.874745957,2.557252505,0.045783133,2.963175966,621.156824,0.773433735,0.834204957,60.84131017
W_SIN_074.txt,SIN,44,B1_2,3,3.509727491,2.29623805,0.076023392,2.95837931,634.7328671,0.791183295,0.835757909,76.13434903
W_THA_334.txt,THA,33,B1_1,2,3.865823868,2.482329634,0.044705882,2.941598361,622.3862963,0.742865169,0.810562536,60.30347301
W_CHN_091.txt,CHN,26,B1_1,2,3.841630233,2.462013192,0.044186047,2.929907407,617.4693023,0.759382022,0.817170812,62.259765
W_THA_122.txt,THA,25,B1_1,2,4.012178059,2.560910775,0.028985507,3.067438017,611.1695319,0.743780488,0.798267109,50.50733363
W_JPN_128.txt,JPN,24,B1_1,2,3.923183186,2.54148723,0.036951501,3.030349345,610.3761607,0.706860465,0.823373359,51.70047302
W_JPN_100.txt,JPN,15,A2_0,1,3.971157143,2.509044184,0.021327014,3.007706422,608.3685714,0.729171598,0.8154625,52.92952455
W_JPN_102.txt,JPN,20,A2_0,1,3.923177682,2.484097661,0.026442308,3.065404255,615.6895279,0.782523077,0.832910357,67.53229364
W_THA_108.txt,THA,41,B1_2,3,3.698232917,2.389362769,0.033333333,3.161,625.2636134,0.768726287,0.83609465,60.26785714
W_JPN_116.txt,JPN,20,A2_0,1,3.847515748,2.469672633,0.028248588,2.87688716,631.1443083,0.711084906,0.75777154,50.51881955
W_THA_120.txt,THA,39,B1_2,3,3.965120455,2.562700486,0.029339853,3.018666667,620.1635945,0.787245509,0.817013572,75.63164557
W_TWN_189.txt,TWN,38,B1_1,2,4.061407116,2.557575782,0.027310924,3.109400749,612.1497004,0.72745098,0.797915263,49.57311631
W_JPN_314.txt,JPN,20,B1_1,2,3.86207451,2.374583085,0.032338308,2.985566502,613.730098,0.742051282,0.779258135,50.97378941
W_THA_322.txt,THA,34,B1_1,2,3.897876577,2.521819087,0.054117647,2.805663717,622.6405455,0.787065527,0.833836617,71.59384483
W_JPN_328.txt,JPN,25,B1_1,2,3.872680827,2.443078163,0.029038113,2.996164875,614.182278,0.718682353,0.773692659,45.29577465
W_SIN_062.txt,SIN,44,B1_2,3,3.315239223,2.223739162,0.075581395,2.966308244,638.5887455,0.800044346,0.836223975,71.67217784
W_TWN_162.txt,TWN,27,B1_2,3,4.031075446,2.586348934,0.043981481,3.008705357,613.5196413,0.719125683,0.780470511,52.67896528
W_JPN_274.txt,JPN,11,A2_0,1,3.979897021,2.503953615,0.029339853,3.148796681,607.4950215,0.728370607,0.825646382,50.87293388
W_JPN_260.txt,JPN,28,B1_1,2,3.71889378,2.416935229,0.019047619,3.028195122,618.9007212,0.680463768,0.78565903,46.44863692
W_SIN_102.txt,SIN,47,B2_0,4,3.518717904,2.39022396,0.055421687,2.927061404,643.2288889,0.787705882,0.828932195,76.83600191
W_TWN_016.txt,TWN,11,A2_0,1,4.270640081,2.631228968,0.018779343,3.185341365,608.1585714,0.736790831,0.804009574,60.10119716
W_THA_281.txt,THA,32,B1_1,2,3.779253191,2.508542098,0.053789731,3.067574468,617.8617021,0.783539823,0.853559627,66.24423077
W_THA_054.txt,THA,21,A2_0,1,3.937124138,2.533508314,0.042222222,3.008396947,619.9051341,0.675744681,0.791288066,45.05664653
W_THA_040.txt,THA,45,B1_2,3,3.819605263,2.527838025,0.026859504,3.279730769,617.7504943,0.702925532,0.763953698,44.17460317
W_KOR_204.txt,KOR,37,B2_0,4,3.5866625,2.293227603,0.060240964,3.043584229,622.9638545,0.749064748,0.821619208,56.35977567
W_JPN_089.txt,JPN,28,A2_0,1,3.97440107,2.516463616,0.021686747,2.840421053,615.06,0.701682243,0.77331413,49.45952181
W_THA_097.txt,THA,12,A2_0,1,3.982157534,2.546944139,0.017114914,3.13875576,615.7294495,0.731730205,0.768860257,50.6170725
W_CHN_131.txt,CHN,29,B1_1,2,3.847744206,2.420791148,0.045346062,3.00751073,615.2400431,0.740405797,0.82269395,61.22251147
W_THA_280.txt,THA,22,A2_0,1,4.000305263,2.540951641,0.041763341,2.956031746,620.9674286,0.769382716,0.835387331,66.1452672
W_KOR_007.txt,KOR,22,A2_0,1,3.856080412,2.35881367,0.035087719,2.913958333,614.288,0.764041237,0.824991286,66.94990227
W_SIN_117.txt,SIN,46,B1_2,3,3.553148333,2.325341746,0.061085973,2.965720339,632.3901674,0.777407407,0.817345419,63.57142857
W_THA_243.txt,THA,32,B1_1,2,3.687663566,2.403872905,0.048309179,3.199356061,620.7523529,0.769536424,0.836263498,72.04243059
W_JPN_261.txt,JPN,25,A2_0,1,3.875133333,2.456897762,0.023965142,3.215657895,616.2014414,0.718478261,0.782589081,49.42034822
W_TWN_163.txt,TWN,28,B1_1,2,4.138683333,2.618934906,0.016786571,3.035961538,608.5559606,0.704924925,0.78427208,45.10965787
W_TWN_177.txt,TWN,27,B1_1,2,3.700622449,2.42793791,0.048034934,2.875265306,623.8876955,0.787593583,0.815550107,71.20381966
W_SIN_088.txt,SIN,48,B2_0,4,3.504377637,2.287042032,0.06122449,3.002025316,621.7034361,0.750591398,0.802132995,59.59821429
W_THA_337.txt,THA,22,A2_0,1,3.443313355,2.191106509,0.048355899,3.292591362,629.283125,0.80045,0.860513684,78.4114485
W_SIN_077.txt,SIN,48,B2_0,4,3.361491416,2.24667753,0.07852194,2.97776824,632.5347826,0.776413043,0.824570498,62.67405583
W_JPN_315.txt,JPN,28,B1_1,2,3.863346696,2.451374749,0.023752969,3.269432314,611.3994248,0.771818182,0.820795112,64.21575319
W_JPN_301.txt,JPN,38,A2_0,1,3.790948927,2.449860485,0.043879908,3.084784483,620.0327586,0.755977011,0.840459391,55.04693105
W_HKG_005.txt,HKG,30,B1_1,2,3.95007839,2.55006145,0.049881235,2.990508475,607.1631356,0.738588957,0.792267695,52.16464737
W_CHN_086.txt,CHN,26,B1_1,2,3.676144231,2.394505653,0.046025105,3.094580153,620.2338224,0.751368421,0.798448912,57.65724598
W_CHN_092.txt,CHN,23,A2_0,1,3.692220848,2.471761371,0.040856031,3.062055749,617.6108961,0.750139535,0.809109255,53.51637555
W_THA_104.txt,THA,29,B1_1,2,3.870156388,2.607599411,0.033653846,3.050176211,615.3372646,0.759757576,0.823210507,61.39747727
W_CHN_048.txt,CHN,31,B1_1,2,3.912447163,2.593568675,0.039911308,2.921438596,612.4082437,0.807709497,0.850293046,91.68366386
W_THA_110.txt,THA,38,B1_2,3,4.012305652,2.62045223,0.033018868,3.16473913,613.6013043,0.716277778,0.782712991,41.70851393
W_CHN_060.txt,CHN,25,B1_1,2,3.801714768,2.554682012,0.039534884,3.014403292,620.2673391,0.716637681,0.79348734,49.65775862
W_SIN_046.txt,SIN,47,B2_0,4,3.633352424,2.392026747,0.063439065,2.939787234,630.3167692,0.817640232,0.851551563,95.72445738
W_SIN_091.txt,SIN,45,B1_2,3,3.21457943,2.138655619,0.069090909,3.047491857,642.7676948,0.794700855,0.842727096,84.11878538
W_SIN_085.txt,SIN,47,B2_0,4,3.301119632,2.222300335,0.07925801,2.93015625,629.0826019,0.736807692,0.804766428,57.80559441
W_SIN_126.txt,SIN,41,B1_2,3,3.72400463,2.318520982,0.029411765,2.892175926,631.8720465,0.750223464,0.823354442,59.39729621
W_JPN_278.txt,JPN,20,A2_0,1,3.884629412,2.405274524,0.034642032,3.174577778,608.9572146,0.743446328,0.807484664,59.57053292
W_SIN_132.txt,SIN,47,B2_0,4,3.388470037,2.288679627,0.081761006,2.871977186,642.036203,0.76715736,0.829515717,67.20565199
W_JPN_250.txt,JPN,23,B1_1,2,3.854495833,2.447454989,0.049019608,3.008511628,620.1588426,0.727701863,0.792911451,55.10086049
W_JPN_287.txt,JPN,42,A2_0,1,4.163745935,2.673040455,0.036781609,2.928835341,608.5595902,0.699408284,0.795790359,50.76239993
W_CHN_128.txt,CHN,29,B1_1,2,3.869767658,2.488339961,0.03502627,3.040408922,613.4931343,0.761195876,0.802854183,62.57564707
W_THA_064.txt,THA,23,A2_0,1,4.123252239,2.638814547,0.035320088,3.123185185,610.8027612,0.703195592,0.772494996,40.19082288
W_CHN_100.txt,CHN,33,B1_1,2,3.878879866,2.563798539,0.037168142,3.020364238,615.5297627,0.781350211,0.846530907,71.98920983
W_JPN_046.txt,JPN,30,B1_1,2,3.954107,2.524728102,0.015665796,3.045544554,610.2475879,0.733486842,0.819184913,53.3898594
W_KOR_234.txt,KOR,41,B2_0,4,3.79721573,2.36401664,0.046052632,3.260301887,615.963609,0.687659574,0.79465329,38.79265863
W_THA_059.txt,THA,35,B1_1,2,3.8798,2.542554554,0.038934426,2.838149466,622.4853846,0.76490099,0.815613585,61.93461711
W_CHN_101.txt,CHN,35,B1_1,2,3.586775397,2.237824312,0.064182195,3.001181102,624.9328685,0.789249395,0.823383181,70.11213916
W_THA_065.txt,THA,21,A2_0,1,3.99868252,2.551224565,0.040865385,3.067269076,605.5074694,0.720923077,0.816587987,53.15471404
W_THA_298.txt,THA,33,B1_1,2,4.05160681,2.444406364,0.023172906,2.961470588,613.491685,0.75113082,0.819818779,56.10812578
W_SIN_127.txt,SIN,43,B1_2,3,3.771211159,2.447265534,0.043165468,3.110085106,620.1254978,0.745614035,0.812558771,64.57660521
W_TWN_147.txt,TWN,38,B1_1,2,3.845954296,2.424627188,0.04789272,3.139966102,617.2249306,0.801020882,0.855261108,79.21910114
W_CHN_277.txt,CHN,32,B2_0,4,3.798583824,2.463781591,0.059273423,2.900989011,623.6090741,0.744484305,0.788425757,56.47298099
W_THA_313.txt,THA,30,B1_1,2,4.128477119,2.635494206,0.031818182,3.242016807,610.8210256,0.699831933,0.793269276,48.08863628
W_JPN_319.txt,JPN,19,A2_0,1,3.788359657,2.351395616,0.032258065,3.150769231,615.4345614,0.681647059,0.80408669,35.34877927
W_CHN_061.txt,CHN,19,A2_0,1,3.820279508,2.48305787,0.027272727,3.180201613,614.3188934,0.768531073,0.830525305,76.73619004
W_THA_105.txt,THA,29,B1_1,2,4.022431048,2.5304019,0.041062802,3.222793522,609.3398361,0.701065089,0.785928251,42.97141673
W_THA_113.txt,THA,35,B1_1,2,3.909477542,2.512325171,0.021598272,2.961422594,615.8568803,0.702216066,0.76757607,45.85795138
W_JPN_119.txt,JPN,20,A2_0,1,3.886588889,2.482744143,0.048723898,3.067295082,612.242839,0.714857143,0.792329849,46.1612909
W_CHN_063.txt,CHN,35,B1_1,2,3.999365351,2.553922222,0.053571429,3.072222222,609.8149333,0.731086957,0.810683815,60.1428194
W_CHN_077.txt,CHN,34,B1_1,2,3.893033632,2.493172152,0.030769231,2.878222222,609.3267123,0.788473684,0.813907227,71.00449262
W_CHN_088.txt,CHN,28,B1_1,2,3.817525463,2.43154847,0.052109181,2.972803738,614.7278972,0.772448378,0.851148769,73.56167763
W_TWN_192.txt,TWN,41,B1_1,2,3.745189627,2.437448373,0.041666667,2.977613169,617.4446414,0.787696793,0.831648439,69.5
W_SIN_079.txt,SIN,45,B1_2,3,3.58747393,2.257252042,0.061833689,3.008844622,635.4866265,0.776640827,0.843640286,74.97737765
W_TWN_179.txt,TWN,27,A2_0,1,3.84889907,2.47654672,0.071782178,2.938169014,621.3391122,0.692142857,0.767609317,46.68159293
W_THA_265.txt,THA,16,A2_0,1,3.943877733,2.518006447,0.028037383,2.991440329,611.8711203,0.744,0.802559374,51.13740548
W_THA_259.txt,THA,25,B1_1,2,4.041308155,2.562066763,0.03271028,2.997456897,613.0984279,0.745813953,0.824002789,61.18412243
W_JPN_284.txt,JPN,40,A2_0,1,3.889815385,2.525045261,0.036781609,3.114117647,612.6119397,0.773960114,0.816190303,56.22631918
W_JPN_290.txt,JPN,40,B1_1,2,3.940265532,2.529982917,0.024122807,3.167381974,609.7531624,0.763333333,0.822750364,67.19446949
W_KOR_021.txt,KOR,32,A2_0,1,4.000504846,2.542609295,0.029776675,3.239515419,611.4733186,0.75257329,0.795539656,54.4919391
W_CHN_117.txt,CHN,22,A2_0,1,3.868050228,2.500454512,0.026699029,3.107954545,613.9095872,0.776298507,0.840754762,73.86086957
W_KOR_237.txt,KOR,37,B2_0,4,3.585504274,2.278846685,0.042316258,3.066565217,622.1230172,0.754317549,0.819133075,57.21071552
W_JPN_093.txt,JPN,31,A2_0,1,4.136236744,2.632798061,0.019047619,2.891105769,605.258093,0.668181818,0.717837358,47.48008386
W_JPN_044.txt,JPN,32,B1_1,2,4.154248095,2.660562192,0.026004728,3.058785047,609.7911429,0.708603989,0.774764458,45.56395715
W_JPN_291.txt,JPN,40,A2_0,1,3.708904016,2.428325167,0.024070022,3.10677551,619.9868571,0.725053763,0.800234983,52.1303557
W_THA_258.txt,THA,21,A2_0,1,3.973666957,2.596018113,0.02676399,3.36573913,608.8659471,0.63699115,0.745585542,25.89268293
W_THA_270.txt,THA,39,B1_2,3,3.954978423,2.553887558,0.036866359,2.979713115,610.5755649,0.780670391,0.824646975,68.34876543
W_SIN_093.txt,SIN,47,B2_0,4,3.562774532,2.255017069,0.04296875,3.167769231,625.1212741,0.736818182,0.786187075,50.45104167
W_SIN_087.txt,SIN,47,B2_0,4,3.540820652,2.289437376,0.093567251,2.900899281,626.2711355,0.791873589,0.840808458,74.52985474
W_THA_338.txt,THA,28,B1_1,2,3.926294776,2.512045955,0.03526971,3.290223048,612.4795167,0.724466019,0.797855836,52.41125989
W_KOR_197.txt,KOR,30,A2_0,1,3.797489189,2.362386256,0.041769042,2.972624434,618.3193694,0.718026316,0.794354988,51.72949467
W_SIN_044.txt,SIN,47,B2_0,4,3.508025764,2.245497401,0.06557377,2.828716814,643.5054425,0.796514286,0.8337049,79.81711027
W_CHN_076.txt,CHN,30,B1_1,2,3.743167025,2.417960079,0.037735849,3.06125448,620.5382246,0.81285,0.857140721,77.77026663
W_JPN_124.txt,JPN,20,A2_0,1,3.913939091,2.535736771,0.02905569,3.060844444,616.7751613,0.75427673,0.809638029,56.41892706
W_JPN_130.txt,JPN,20,A2_0,1,4.049698141,2.566817184,0.023454158,2.946703704,612.6448496,0.690546448,0.770070866,40.7466329
W_JPN_118.txt,JPN,20,A2_0,1,3.886316827,2.512013544,0.02195122,3.142293578,606.3806965,0.708616352,0.790866827,48.17429406
W_PAK_039.txt,PAK,37,B1_1,2,3.686428063,2.458282955,0.064935065,2.824527559,618.5244355,0.792341598,0.85519118,79.20307935
W_JPN_134.txt,JPN,29,A2_0,1,3.807390449,2.31501399,0.035040431,3.004011299,620.7081714,0.729295775,0.769491578,49.81071658
W_CHN_072.txt,CHN,23,A2_0,1,3.722195089,2.430615987,0.046838407,3.006315789,622.7575455,0.741642229,0.786220143,58.72336855
W_JPN_108.txt,JPN,20,A2_0,1,3.767358804,2.392861468,0.026501767,3.102218543,615.699701,0.711598174,0.800418341,44.01837096
W_CHN_099.txt,CHN,24,A2_0,1,3.916676754,2.51294964,0.035128806,2.897412281,613.1935874,0.771137026,0.832512836,70.66666667
W_JPN_322.txt,JPN,29,B1_1,2,3.678725424,2.295105254,0.028436019,3.269449153,625.3912832,0.780815047,0.842432839,76.10071942
W_SIN_040.txt,SIN,45,B1_2,3,3.68044698,2.414446436,0.046017699,2.790574324,626.1818983,0.775645161,0.83065484,71.55687157
W_JPN_242.txt,JPN,21,A2_0,1,3.896853365,2.461972714,0.03406326,3.221105769,609.7744928,0.685521472,0.806684698,45.11111111
W_JPN_256.txt,JPN,26,B1_2,3,3.852268619,2.498415276,0.037735849,2.901916667,607.5399149,0.799221557,0.825578686,67.4436953
W_THA_260.txt,THA,48,B2_0,4,4.060059701,2.594062261,0.023688663,2.963816568,616.9387952,0.754044266,0.841858795,54.97860698
W_JPN_281.txt,JPN,44,B1_1,2,3.778046847,2.414414862,0.034632035,3.242280702,613.622186,0.704116095,0.786342805,45.8
W_KOR_024.txt,KOR,42,B1_2,3,3.64934898,2.323047239,0.059665871,3.219958506,622.6282645,0.73271028,0.834969471,56.18465479
W_JPN_083.txt,JPN,33,A2_0,1,3.927357273,2.450264584,0.00990099,3.159908257,612.4072811,0.731830065,0.803756057,54.63359788
W_KOR_227.txt,KOR,30,B2_0,4,3.781409852,2.400830223,0.037333333,3.05615,618.2791,0.603729904,0.750806689,31.18796607
W_JPN_069.txt,JPN,32,B2_0,4,4.002476623,2.572749569,0.023923445,3.059411765,609.1392478,0.701605351,0.779988141,42.91078509
W_THA_063.txt,THA,18,A2_0,1,3.888559055,2.575583246,0.027210884,3.060722892,614.47988,0.784640884,0.824696302,74.97424812
W_CHN_113.txt,CHN,30,B1_1,2,4.032805515,2.665376894,0.034951456,2.970989011,613.9979779,0.73006993,0.794922042,51.91560901
W_JPN_041.txt,JPN,40,B2_0,4,3.933538435,2.510139211,0.056122449,2.927676768,621.2333219,0.716833667,0.798656707,56.26717557
W_KOR_031.txt,KOR,38,A2_0,1,4.039386726,2.494263227,0.01793722,3.114612069,611.3861161,0.692612613,0.779824365,48.90338992
W_SIN_121.txt,SIN,46,B1_2,3,3.471098729,2.220556387,0.064587973,2.916923077,632.7590987,0.7533687,0.815397469,59.26553264
W_THA_275.txt,THA,44,B1_2,3,3.919879216,2.482236928,0.029684601,2.738631179,620.5840157,0.803990499,0.831292685,81.79949363
W_THA_249.txt,THA,42,B1_2,3,3.902161883,2.537873963,0.0215311,3.153378995,613.3619635,0.749846154,0.789947191,56.68496785
W_JPN_243.txt,JPN,22,B1_1,2,3.926553991,2.445605066,0.023041475,3.179386792,619.1455869,0.699453552,0.777464681,48.03775921
W_KOR_145.txt,KOR,30,A2_0,1,3.897566129,2.488193274,0.046255507,3.01612,614.6492653,0.769779006,0.834465701,76.05098039
W_SIN_055.txt,SIN,45,B1_2,3,3.734055859,2.434252015,0.052173913,3.033937008,618.6641434,0.780106101,0.818558603,69.29202626
W_SIN_041.txt,SIN,43,B1_2,3,3.492869369,2.19143044,0.062650602,2.938287037,628.8073272,0.766358382,0.827444667,68.4676007
W_SIN_069.txt,SIN,46,B1_2,3,3.351331148,2.234069554,0.077262693,3.095696203,637.6697899,0.748451444,0.798167817,59.25906948
W_JPN_337.txt,JPN,18,B1_1,2,3.86047277,2.441356282,0.042183623,2.913474178,612.1393839,0.721666667,0.812313073,53.97321429
W_HKG_027.txt,HKG,33,B2_0,4,3.719895911,2.468851482,0.062962963,3.06130597,622.6697736,0.750425056,0.795611711,62.32458387
W_THA_103.txt,THA,34,A2_0,1,4.262890222,2.678033692,0.020316027,3.114298246,602.5075893,0.731204482,0.785857716,50.09984499
W_JPN_109.txt,JPN,20,A2_0,1,4.156508962,2.561043804,0.025462963,3.022453704,606.5191509,0.696755162,0.800327202,43.21228044
W_JPN_135.txt,JPN,23,A2_0,1,3.81879,2.406024639,0.03117506,3.163317757,620.3376667,0.71987988,0.787271587,45.56395715
W_JPN_123.txt,JPN,23,B1_1,2,3.953646538,2.612104688,0.027368421,3.188939394,608.598937,0.755543478,0.827394531,60.63692031
W_JPN_137.txt,JPN,32,B1_2,3,4.137627,2.60238859,0.024038462,2.720432692,610.26275,0.799873817,0.796201519,66.55592313
W_JPN_321.txt,JPN,26,B1_1,2,3.844781416,2.407295808,0.029017857,3.194454148,608.6374667,0.763133903,0.809886976,60.44576083
W_SIN_057.txt,SIN,46,B1_2,3,3.509365854,2.259567407,0.070909091,3.001508772,630.5702151,0.73791411,0.813574538,60.96597732
W_TWN_180.txt,TWN,36,B2_0,4,3.720889076,2.478683702,0.040089087,2.939106383,619.9482979,0.785215054,0.819282414,68.55952381
W_JPN_309.txt,JPN,50,B1_2,3,3.96592027,2.515404524,0.038724374,2.967644444,608.1654545,0.731319648,0.811430241,49.84957095
W_THA_317.txt,THA,22,A2_0,1,3.77799,2.397833164,0.05450237,2.985805085,626.526875,0.720368098,0.800424306,53.99849398
W_SIN_123.txt,SIN,47,B2_0,4,3.4732375,2.296641484,0.056910569,2.88453125,634.991502,0.770546318,0.827015495,76.15352028
W_KOR_033.txt,KOR,40,B1_1,2,3.758127715,2.362997692,0.046808511,3.212647059,622.7455639,0.719783198,0.808077881,51.32617504
W_TWN_037.txt,TWN,25,A2_0,1,3.80184383,2.390291019,0.042352941,3.019495798,622.2217521,0.779591837,0.84043576,70.43830846
W_CHN_105.txt,CHN,31,B1_1,2,3.956125957,2.545636313,0.045130641,2.981008403,616.6317521,0.731802326,0.803197411,47.28313253
W_THA_049.txt,THA,38,B1_2,3,4.072326977,2.642031822,0.021791768,3.258262911,608.5056338,0.706268657,0.788355345,48.03794441
W_JPN_057.txt,JPN,34,B1_1,2,3.872907895,2.440487818,0.023255814,3.047831858,615.49163,0.738879056,0.800802992,60.54879452
W_KOR_231.txt,KOR,44,B2_0,4,3.841610305,2.491593613,0.046184739,3.008132296,616.4244788,0.757934272,0.8173987,56.89280725
W_KOR_219.txt,KOR,43,B2_0,4,3.649723404,2.401160739,0.06234414,3.249121339,618.681453,0.735408805,0.794641695,56.28362185
W_CHN_138.txt,CHN,29,B1_1,2,3.877076577,2.4809356,0.033557047,2.907079646,618.4912217,0.780700809,0.820172563,71.38395958
W_CHN_104.txt,CHN,28,B1_1,2,3.78814321,2.436742688,0.027842227,3.00661157,622.3535124,0.776883853,0.840422645,69.56300813
W_IDN_059.txt,IDN,33,B1_1,2,3.931914667,2.59113288,0.027777778,3.132114537,610.496278,0.757592593,0.827555883,66.76594631
W_THA_289.txt,THA,27,B1_1,2,3.889644538,2.507407254,0.038834951,3.162255319,614.6180085,0.700369231,0.785076107,43.17666126
W_SIN_136.txt,SIN,44,B1_2,3,3.462974924,2.24524842,0.065810594,2.978913043,634.4770062,0.755810565,0.822073666,68.63639216
W_THA_276.txt,THA,34,B1_1,2,4.232396,2.654115191,0.031890661,3.051377778,604.7136,0.720530504,0.779127821,52.53472222
W_THA_316.txt,THA,30,B1_1,2,4.175395631,2.618380641,0.024875622,3.046038647,610.7500976,0.720058651,0.770082786,53.6315532
W_JPN_308.txt,JPN,44,B1_2,3,3.910721395,2.442764913,0.01369863,3.289095023,614.4335514,0.728070175,0.806848154,54.125
W_THA_302.txt,THA,25,B1_1,2,4.113922814,2.660964309,0.026168224,2.977536765,615.5466031,0.638923767,0.723852768,33.28059037
W_THA_114.txt,THA,24,A2_0,1,4.159872273,2.604809428,0.029612756,2.859411765,607.8351598,0.674733728,0.751246131,39.18181818
W_THA_128.txt,THA,31,B1_1,2,3.907690625,2.499531413,0.028708134,2.98420354,616.2409091,0.768660436,0.815007379,62.3021497
W_CHN_064.txt,CHN,24,A2_0,1,3.97756171,2.589765747,0.025,3.047647059,615.6033585,0.76503856,0.812981928,63.87900589
W_JPN_122.txt,JPN,23,B1_1,2,3.94066599,2.559780424,0.01305483,3.05865,611.5121134,0.798200692,0.850555446,74.93761314
W_THA_167.txt,THA,21,A2_0,1,3.813162724,2.502091222,0.046875,3.032903226,619.5692832,0.772690355,0.837132348,70.88153767
W_HKG_094.txt,HKG,39,B1_2,3,3.984616738,2.517040418,0.0546875,2.981059322,608.033234,0.795625,0.845732158,72.86296296
W_JPN_151.txt,JPN,24,A2_0,1,3.738223247,2.315471397,0.061810155,3.012867925,612.3673106,0.746609195,0.826664961,54.46489199
W_JPN_192.txt,JPN,21,A2_0,1,3.791273953,2.321373089,0.017902813,3.168430493,617.9750943,0.710601504,0.835913857,50.20564149
W_THA_365.txt,THA,15,A2_0,1,4.100036576,2.726614505,0.024340771,3.065868726,614.2923438,0.690562347,0.742383636,42.11120333
W_SIN_151.txt,SIN,47,B2_0,4,3.569001976,2.307218636,0.057324841,2.84156,636.3656,0.761209068,0.827628322,70.5338774
W_SIN_179.txt,SIN,45,B1_2,3,3.428610185,2.207582118,0.077108434,2.964507042,634.6563679,0.77849162,0.820980477,67.43570441
W_TWN_045.txt,TWN,40,B1_1,2,3.863685892,2.493690716,0.044186047,3.052459016,617.7043983,0.765236769,0.833318167,64.79432786
W_SIN_186.txt,SIN,45,B1_2,3,3.542754386,2.286095963,0.070422535,3.068220641,621.2854064,0.765566038,0.816918634,57.367578
W_SIN_192.txt,SIN,45,B1_2,3,3.366033007,2.215199288,0.047297297,2.867770492,639.7531023,0.758238748,0.804878704,57.45751445
W_KOR_041.txt,KOR,29,B1_1,2,3.673035652,2.331807012,0.04379562,3.405330396,608.5151818,0.646013072,0.738762751,34.2673931
W_THA_013.txt,THA,22,A2_0,1,4.08010383,2.583333393,0.02764977,3.182468619,605.5112987,0.74241573,0.799358247,52.46484951
W_JPN_019.txt,JPN,39,B1_2,3,3.834917871,2.492124725,0.00407332,3.197564576,620.4339615,0.70559194,0.78384558,52.25981522
W_JPN_031.txt,JPN,44,B1_2,3,3.910529536,2.483706463,0.026315789,3.143924051,611.5500851,0.786058981,0.829457008,61.92110199
W_CHN_177.txt,CHN,36,B1_2,3,3.780010305,2.392786311,0.049800797,3.072862595,623.8188931,0.746433566,0.819317486,54.67696269
W_KOR_257.txt,KOR,42,B2_0,4,3.850064981,2.43905273,0.048879837,2.914844961,624.5196875,0.79010582,0.842328691,74.38874991
W_JPN_024.txt,JPN,33,B1_1,2,3.857273395,2.449755324,0.0375,3.147741935,615.4766351,0.724414716,0.798935853,49.88371137
W_CHN_162.txt,CHN,33,B1_1,2,3.746208268,2.446018521,0.030567686,3.047992126,617.7148221,0.758526316,0.815887531,67.6646281
W_THA_006.txt,THA,43,B1_2,3,3.84393295,2.439085269,0.050574713,3.10755814,610.3544015,0.78851312,0.843455422,58.40469419
W_THA_012.txt,THA,14,A2_0,1,3.787957322,2.457114196,0.02919708,3.174644351,626.7822689,0.732807571,0.816498376,65.9752263
W_SIN_193.txt,SIN,46,B1_2,3,3.427715152,2.234376161,0.077586207,2.8825,631.954141,0.735577889,0.797516082,50.10220166
W_SIN_187.txt,SIN,46,B1_2,3,3.459698276,2.307968055,0.078767123,2.986184971,630.7017647,0.780443548,0.842844234,75.93941035
W_JPN_226.txt,JPN,22,A2_0,1,4.140493697,2.569959999,0.01750547,3.223526971,601.1382845,0.696,0.79292155,35.51488834
W_SIN_178.txt,SIN,45,B1_2,3,3.332338435,2.223963798,0.095948827,3.009482759,638.8238246,0.765873418,0.838874738,68.81555105
W_JPN_232.txt,JPN,27,B1_1,2,4.002973913,2.518111893,0.027227723,3.06942029,610.098744,0.702735562,0.787054088,51.61834601
W_TWN_118.txt,TWN,40,B2_0,4,3.701228333,2.412427992,0.036247335,3.074836066,621.9616596,0.770789474,0.80274421,69.47748793
W_JPN_391.txt,JPN,20,A2_0,1,4.161263229,2.703752385,0.016786571,3.119051724,605.8063063,0.648932039,0.74244117,38.08636364
W_JPN_385.txt,JPN,20,B1_1,2,4.232782773,2.680315301,0.019512195,3.243813559,605.0584388,0.60089172,0.718046641,29.08311812
W_TWN_124.txt,TWN,44,B2_0,4,4.0196545,2.574057302,0.043583535,3.041890547,609.1066,0.762746269,0.811335919,65.76453695
W_THA_358.txt,THA,20,A2_0,1,4.369874603,2.836377956,0.024886878,2.95501992,599.0169841,0.672797784,0.76321483,45.081944
W_THA_370.txt,THA,36,B1_2,3,4.066031839,2.585575021,0.031400966,3.118844444,611.5500448,0.739050633,0.786042117,53.24538825
W_THA_364.txt,THA,24,A2_0,1,3.926373684,2.500717253,0.01980198,3.055511111,611.8680702,0.736918033,0.820625505,64.61607339
W_CHN_228.txt,CHN,43,B2_0,4,3.616238344,2.370822246,0.054961832,2.919604863,625.1932,0.79265233,0.826044525,74.28109589
W_CHN_016.txt,CHN,39,B1_2,3,4.005009615,2.563370064,0.030991736,2.891901141,613.6736434,0.722623762,0.797034815,52.50703634
W_THA_172.txt,THA,36,B1_2,3,4.053026502,2.611617587,0.078059072,3.046197183,605.2734043,0.687723785,0.795530512,42.79935395
W_JPN_178.txt,JPN,24,B1_1,2,3.73945297,2.344465955,0.02293578,3.072537313,615.6760914,0.652732394,0.743089297,37.04115827
W_THA_164.txt,THA,13,A2_0,1,4.226597628,2.715693684,0.0155902,3.010790514,610.3988446,0.710252101,0.786256249,49.63052209
W_HKG_097.txt,HKG,30,B1_1,2,3.581556277,2.328598091,0.052631579,3.012703863,635.3344248,0.715909091,0.822773836,47.6638588
W_JPN_146.txt,JPN,31,A2_0,1,3.80369726,2.406338741,0.020576132,3.017894737,618.46625,0.757377892,0.801464392,65.83573889
W_CHN_014.txt,CHN,39,B1_2,3,3.611479104,2.348549584,0.069582505,3.003595506,626.8999245,0.755151515,0.816802402,65.95426011
W_THA_366.txt,THA,27,B1_1,2,4.152850192,2.675004819,0.032323232,2.994481481,608.2639689,0.734609164,0.805914364,52.40466926
W_JPN_344.txt,JPN,35,A2_0,1,3.947584211,2.48071056,0.041474654,3.02512,609.998898,0.73773913,0.805366981,49.94132335
W_JPN_393.txt,JPN,20,A2_0,1,3.87025041,2.438623325,0.034334764,3.006463415,612.0131687,0.70808399,0.780517721,49.41396118
W_IDN_161.txt,IDN,38,B2_0,4,3.897741288,2.565460913,0.035087719,3.001161049,609.6210769,0.739011765,0.80820771,57.13853787
W_JPN_387.txt,JPN,20,A2_0,1,3.754657789,2.363419951,0.036144578,3.112110553,618.9840609,0.731454545,0.788433308,55.17857143
W_JPN_218.txt,JPN,28,B1_2,3,3.901635268,2.435865887,0.018823529,3.091111111,606.3693607,0.69545977,0.789624439,43.78060264
W_SIN_152.txt,SIN,46,B1_2,3,3.405969291,2.263294617,0.076923077,2.800722892,639.6512749,0.752769231,0.814197937,55.98044397
W_SIN_191.txt,SIN,44,B1_2,3,3.602735943,2.356491521,0.054,3.086654676,623.2260791,0.785981308,0.835905511,73.51791263
W_SIN_185.txt,SIN,47,B2_0,4,3.445269231,2.211083996,0.049295775,3.084504792,633.8061238,0.817349896,0.862316761,99.69632772
W_KOR_056.txt,KOR,37,B2_0,4,3.982708519,2.533580289,0.032119914,2.989236364,613.8786989,0.728660969,0.783670796,41.93531746
W_IDN_001.txt,IDN,33,B1_1,2,3.767855636,2.430251696,0.048582996,3.092166065,618.4929304,0.67575179,0.779787898,39.77075627
W_CHN_174.txt,CHN,35,B1_1,2,3.676064202,2.381666312,0.049079755,3.007,625.7522266,0.740722892,0.822424123,58.09819897
W_JPN_026.txt,JPN,35,B1_1,2,3.851096552,2.541805024,0.032894737,3.098527132,615.6430651,0.759941349,0.818016001,53.42998021
W_JPN_032.txt,JPN,36,B1_1,2,4.021720346,2.523761972,0.004694836,3.240782609,605.2428947,0.757380192,0.820769518,54.46338126
W_CHN_160.txt,CHN,35,B2_0,4,3.730414602,2.393510956,0.064285714,2.805486726,622.0519469,0.785043988,0.831139729,74.60310983
W_KOR_240.txt,KOR,40,B2_0,4,3.8385008,2.456475058,0.049040512,3.097896825,616.8957028,0.727896104,0.810079886,45.37092012
W_KOR_282.txt,KOR,40,B2_0,4,3.735538941,2.461914169,0.047619048,3.03959375,621.8949057,0.7518591,0.814882535,62.33096119
W_KOR_057.txt,KOR,42,B2_0,4,3.958329218,2.469897786,0.022573363,3.279537815,612.6288797,0.685014085,0.773701818,42.51350485
W_SIN_190.txt,SIN,44,B1_2,3,3.402597348,2.158054086,0.06122449,2.982784314,643.8507722,0.764598698,0.808626701,67.94525946
W_JPN_225.txt,JPN,21,B1_1,2,3.861540726,2.478423224,0.023758099,3.11284,615.835668,0.767093333,0.842498408,58.25178745
W_JPN_386.txt,JPN,23,B1_1,2,4.115688789,2.612497917,0.023640662,3.058834081,605.418296,0.699594203,0.789223453,51.62559074
W_JPN_392.txt,JPN,22,B1_1,2,4.000712917,2.505611415,0.023474178,2.999428571,607.581125,0.747317073,0.829191494,57.37424573
W_JPN_351.txt,JPN,25,B1_1,2,3.668207179,2.277440443,0.032697548,3.096410256,614.4052332,0.77270073,0.835854353,67.62423034
W_SIN_033.txt,SIN,43,B1_2,3,3.498702135,2.182459015,0.051601423,3.101428571,628.4061511,0.725887097,0.795832231,55.60302961
W_SIN_027.txt,SIN,44,B1_2,3,3.38542765,2.1144386,0.044917258,2.999521531,643.8013889,0.786417445,0.829809565,83.42270221
W_JPN_184.txt,JPN,18,A2_0,1,3.710640654,2.349557803,0.039506173,3.087523364,619.4484112,0.70939759,0.795851424,48.28472222
W_CHN_001.txt,CHN,30,B1_1,2,3.839633852,2.441332638,0.047717842,3.072996109,614.3764844,0.767493797,0.827398973,66.92618163
W_THA_165.txt,THA,24,A2_0,1,3.592414679,2.23494354,0.049295775,3.319272727,617.9053704,0.706163522,0.786373607,44.12222222
W_CHN_029.txt,CHN,28,B1_1,2,3.720825581,2.407674218,0.034567901,3.022803738,613.8171495,0.794879518,0.827824089,71.55
W_THA_171.txt,THA,39,B1_2,3,3.845170136,2.44898304,0.041262136,3.083076923,618.0514932,0.762758621,0.800421509,61.1380218
W_THA_149.txt,THA,26,B1_1,2,4.195041296,2.648240992,0.02360515,2.962131148,610.4291429,0.696716418,0.767820686,42.88524374
W_HKG_045.txt,HKG,39,B2_0,4,3.447741122,2.212228867,0.066831683,2.853694581,633.0373892,0.793421053,0.837010617,73.18468935
W_JPN_341.txt,JPN,24,B1_1,2,3.933046544,2.480488061,0.020454545,3.211576577,613.6988372,0.69281768,0.784452079,43.7
W_THA_377.txt,THA,35,B1_1,2,4.026518212,2.575946266,0.037906137,3.221258278,605.1196667,0.744711316,0.799884628,58.25297402
W_SIN_037.txt,SIN,47,B2_0,4,3.499591923,2.278944527,0.068607069,2.879844358,631.4225,0.788699764,0.823182242,76.23492137
W_KOR_127.txt,KOR,43,B2_0,4,3.618395436,2.310769262,0.051801802,3.01090535,626.5976371,0.789588235,0.842626111,87.37839413
W_JPN_396.txt,JPN,20,A2_0,1,3.920614778,2.530560431,0.022277228,3.128970588,607.4589604,0.763594771,0.811024181,65.34778457
W_JPN_235.txt,JPN,21,B1_1,2,3.910871366,2.501020087,0.022883295,3.103257919,611.3980531,0.721722222,0.806837718,49.96911981
W_THA_217.txt,THA,46,B1_2,3,3.938352492,2.548094787,0.029360967,3.048032787,612.4395973,0.744214876,0.817056566,57.10758123
W_THA_029.txt,THA,38,B1_2,3,4.057322857,2.571658263,0.042056075,3.110404858,605.8021721,0.779585799,0.836304137,71.50827522
W_THA_015.txt,THA,45,B1_2,3,3.759950186,2.525331993,0.05399568,3.07891791,617.8234733,0.754402174,0.834262855,61.61516112
W_KOR_245.txt,KOR,44,B2_0,4,3.578519016,2.327017382,0.051851852,3.159570957,631.6455263,0.749978769,0.801468021,53.07601298
W_KOR_244.txt,KOR,44,B2_0,4,3.860235075,2.466764956,0.026422764,3.055522388,623.095709,0.686823529,0.766805334,40.30196305
W_CHN_158.txt,CHN,44,B1_2,3,3.687998198,2.343686598,0.049411765,2.918783784,633.8352941,0.805083799,0.834340236,74.63658537
W_KOR_287.txt,KOR,32,B2_0,4,3.722366935,2.442578362,0.034782609,3.121774194,621.4863415,0.735170455,0.831179902,62.28398116
W_CHN_164.txt,CHN,30,B1_1,2,4.158743019,2.656209264,0.017391304,3.110339623,610.4161509,0.728358974,0.792699593,51.99145956
W_KOR_046.txt,KOR,41,A2_0,1,3.718770175,2.279104377,0.03406326,3.022683983,623.2239035,0.768275862,0.828783636,66.58951708
W_TWN_081.txt,TWN,31,B1_2,3,3.976801154,2.574337924,0.021276596,2.916928839,616.2086719,0.776359223,0.832001599,74.69742386
W_JPN_397.txt,JPN,22,B1_1,2,3.880939224,2.38125664,0.032786885,3.041013216,614.2395909,0.803858521,0.836007608,83.30755503
W_THA_389.txt,THA,35,B1_1,2,3.949914902,2.524437067,0.032894737,3.015019455,613.5546429,0.669192201,0.787828149,41.09968652
W_SIN_036.txt,SIN,45,B1_2,3,3.641195018,2.414204357,0.054307116,2.85341637,624.970471,0.768374165,0.824857865,71.09089649
W_THA_376.txt,THA,38,B1_2,3,4.080848963,2.554806529,0.026785714,3.057427386,608.7496266,0.725817175,0.800940792,45.48949545
W_JPN_181.txt,JPN,24,A2_0,1,3.836048945,2.453726678,0.042918455,2.821983122,628.0400851,0.692526882,0.76191094,43.21869467
W_JPN_195.txt,JPN,30,B1_1,2,3.691929536,2.279410674,0.049881235,3.048625,620.3134894,0.734380665,0.828658778,57.23256616
W_THA_160.txt,THA,31,B1_1,2,4.098103614,2.672801409,0.026258206,3.068221344,609.5959109,0.777465565,0.834959551,72.10061602
W_THA_174.txt,THA,14,A2_0,1,3.910880603,2.599550056,0.043879908,2.944549356,609.8390435,0.760177515,0.824355055,63.47719646
W_CHN_010.txt,CHN,33,B1_1,2,3.797706637,2.406387646,0.040632054,2.810755556,617.2640179,0.792430939,0.83870156,82.1037037
W_JPN_142.txt,JPN,33,B1_1,2,3.965773853,2.524397178,0.021791768,3.114090909,609.6731651,0.685046729,0.792216372,43.17222222
W_THA_148.txt,THA,33,B1_1,2,3.686606601,2.330101848,0.023809524,3.274693878,617.49,0.727836538,0.841296668,56.24972869
W_CHN_012.txt,CHN,35,B1_1,2,3.740568724,2.423720047,0.039583333,2.928755187,623.9405833,0.801974684,0.847866265,77.28563439
W_JPN_168.txt,JPN,21,B1_2,3,3.939869149,2.498637234,0.017699115,2.991493056,614.4146619,0.745820569,0.786554712,50.07007091
W_JPN_183.txt,JPN,22,A2_0,1,3.676549321,2.346161785,0.024017467,3.171531532,613.6516972,0.736246499,0.788573034,51.35543131
W_THA_348.txt,THA,33,B1_1,2,4.056242149,2.58963985,0.023364486,3.067983539,603.6830579,0.741107872,0.794998722,55.99700002
W_SIN_034.txt,SIN,45,B1_2,3,3.470373444,2.247168065,0.071578947,2.962301255,639.3947059,0.758305085,0.812212986,64.0018797
W_THA_360.txt,THA,46,B1_2,3,4.200928899,2.645870978,0.016241299,3.114196429,611.4278704,0.733123209,0.772353515,56.50232216
W_SIN_020.txt,SIN,44,B1_2,3,3.664103448,2.40345824,0.046666667,3.010732759,617.2326087,0.804526316,0.830036945,85.48269231
W_KOR_130.txt,KOR,45,B1_2,3,3.920346304,2.498218612,0.035490605,2.934224806,615.5680156,0.732802057,0.825161426,56.9169146
W_JPN_381.txt,JPN,20,A2_0,1,3.954022467,2.540092579,0.026960784,3.011837607,611.7268,0.707986348,0.797073941,48.84542206
W_IDN_167.txt,IDN,44,A2_0,1,3.772595941,2.429840302,0.029411765,3.147180451,618.8836059,0.751421911,0.81936968,61.81926441
W_TWN_120.txt,TWN,38,B2_0,4,3.588865198,2.342402316,0.058548009,2.923333333,633.2406696,0.79716763,0.830555271,87.76234655
W_THA_228.txt,THA,36,B1_2,3,4.178068293,2.610734177,0.025641026,2.98858871,622.0127642,0.708301887,0.766024454,48.74376743
W_SIN_168.txt,SIN,47,B2_0,4,3.293806726,2.155772452,0.081395349,2.832242152,640.2759729,0.7912,0.832744356,73.6204918
W_TWN_097.txt,TWN,40,B1_2,3,3.781569231,2.434940752,0.036585366,3.079153846,614.7582625,0.793762887,0.824926379,76.21682848
W_TWN_068.txt,TWN,39,B2_0,4,3.811578486,2.549087862,0.040540541,3.101215686,621.8697976,0.731373626,0.806598446,48.90787347
W_KOR_078.txt,KOR,35,B1_1,2,3.862809722,2.479420821,0.04109589,2.863242009,620.785,0.767380282,0.833435208,65.92153124
W_SIN_183.txt,SIN,47,B2_0,4,3.394219184,2.18358018,0.068897638,2.879057377,632.3929167,0.777324263,0.807281537,65.6015933
W_KOR_285.txt,KOR,46,B2_0,4,3.87645082,2.466933983,0.026030369,3.009713115,618.2342149,0.752950392,0.815732903,57.49391635
W_KOR_247.txt,KOR,43,B2_0,4,3.878252675,2.485230019,0.008810573,2.94557377,619.018375,0.770322581,0.827019992,69.62153482
W_JPN_009.txt,JPN,35,B2_0,4,3.770127016,2.40863594,0.055084746,3.118218623,620.5741129,0.725933504,0.804077141,48.75570919
W_JPN_021.txt,JPN,25,B1_2,3,4.09233876,2.56666888,0.026966292,3.147807692,600.5028295,0.744099723,0.818536175,53.57825485
W_SIN_196.txt,SIN,43,B1_2,3,3.590434483,2.296860204,0.069506726,2.938546256,628.4234199,0.744300518,0.809957601,56.75
W_KOR_079.txt,KOR,38,B2_0,4,3.675174031,2.404701578,0.063636364,3.032432432,618.3105447,0.785,0.846189063,75.42404117
W_TWN_041.txt,TWN,21,A2_0,1,3.763443933,2.384850427,0.060869565,2.903248945,612.8352321,0.768435013,0.839741171,68.49316458
W_THA_201.txt,THA,36,B1_2,3,4.248025564,2.711233245,0.030634573,2.934509091,600.1925095,0.688571429,0.791465403,41
W_JPN_223.txt,JPN,22,B1_1,2,3.601178838,2.338745747,0.033112583,3.182418033,621.9587815,0.771609195,0.839129814,67.11718325
W_SIN_035.txt,SIN,47,B2_0,4,3.388651311,2.136589992,0.052336449,2.911038462,633.7018605,0.810540541,0.852940712,87.15335137
W_THA_349.txt,THA,14,A2_0,1,3.701308824,2.331911065,0.029090909,3.215151515,619.6590494,0.738312655,0.833088597,59.31990418
W_JPN_357.txt,JPN,24,A2_0,1,3.941880556,2.605640046,0.034722222,2.852139535,614.4508411,0.794816901,0.842876362,82.95307982
W_JPN_343.txt,JPN,27,A2_0,1,3.707013488,2.362832564,0.034324943,2.941342593,625.7716279,0.727830986,0.81085712,66.0311
W_THA_177.txt,THA,25,B1_1,2,3.600994539,2.39705878,0.061099796,3.022655172,628.472911,0.787445255,0.843236969,78.92241323
W_THA_163.txt,THA,12,A2_0,1,4.050485833,2.613273072,0.033898305,3.007083333,604.6332222,0.684537815,0.782474949,37.62489837
W_CHN_013.txt,CHN,39,B1_2,3,3.585946988,2.313222351,0.054054054,2.998072289,632.2930364,0.785162907,0.821535755,74.56729805