filename,Country,VST,CEFR,CEFR_Number,SUBTLEXus_Freq_Log_CW_TAALES,COCA_magazine_lemma_frequency_Log_CW_TAALES,All_AWL_Normed_TAALES,Brysbaert_Concreteness_Combined_CW_TAALES,LD_Mean_RT_CW_TAALES,mattr50_aw_TAALED,mattr50_cw_TAALED,av_nominal_deps_TAASSC,amod_all_nominal_deps_struct_TAASSC,prep_all_nominal_deps_struct_TAASSC,mag_av_delta_p_verb_cue_type_TAASSC,MLC_TAASSC,CN_C_TAASSC
W_THA_152.txt,THA,15,A2_0,1,4.046494942,2.621205568,0.015555556,2.940155039,610.8750988,0.690689655,0.707862069,0.808510638,0.177304965,0.156028369,0.008679574,7.677966102,0.762711864
W_JPN_164.txt,JPN,19,B1_1,2,3.791265534,2.386655185,0.014354067,3.15507177,609.0556373,0.669659443,0.61358209,0.778625954,0.099236641,0.122137405,0.01468276,7.224137931,0.724137931
W_JPN_170.txt,JPN,22,B1_2,3,4.126510246,2.602203456,0.020454545,3.194959677,603.9301639,0.707393939,0.683108108,0.746268657,0.134328358,0.059701493,0.026890289,8,0.745454545
W_CHN_022.txt,CHN,21,A2_0,1,3.97631991,2.523579128,0.021686747,3.088423423,607.1143636,0.754411765,0.759716312,1.063492063,0.238095238,0.166666667,0.036436357,9.431818182,1.090909091
W_SIN_010.txt,SIN,45,B1_2,3,3.751821888,2.35440376,0.041841004,2.876320346,622.797533,0.78685567,0.808648649,0.682758621,0.103448276,0.096551724,0.027607882,8,0.616666667
W_JPN_366.txt,JPN,19,B1_1,2,3.873664865,2.474939963,0.021634615,3.22793722,615.0978995,0.7536875,0.769352518,0.791666667,0.1875,0.097222222,0.022206219,7.172413793,0.913793103
W_THA_378.txt,THA,23,A2_0,1,4.238997854,2.608613419,0.019512195,3.198111588,610.3364378,0.648242075,0.56038961,0.629370629,0.062937063,0.160839161,0.009370589,6.833333333,0.75
W_JPN_400.txt,JPN,20,A2_0,1,4.179414,2.621255437,0.012195122,3.095019455,608.1735341,0.711321696,0.598,0.794871795,0.141025641,0.070512821,0.021720197,7.130434783,0.666666667
W_THA_393.txt,THA,40,B1_2,3,4.195568116,2.709698751,0.016293279,3.01365942,608.7388768,0.711234867,0.656627907,0.88,0.133333333,0.106666667,0.008241963,8.322033898,0.847457627
W_THA_230.txt,THA,24,A2_0,1,4.3425872,2.731208276,0.020930233,3.088055556,600.3835223,0.646892655,0.54931677,1.049586777,0.148760331,0.099173554,0.020420919,9.14893617,0.744680851
W_JPN_206.txt,JPN,17,A2_0,1,4.053442512,2.600916843,0.023310023,3.187333333,605.5208252,0.634764706,0.590434783,0.865671642,0.104477612,0.126865672,0.024820814,7.396551724,1
W_PHL_069.txt,PHL,46,B1_2,3,3.979724378,2.575057535,0.025943396,3.110640394,610.6252284,0.745617978,0.689302326,1.071428571,0.071428571,0.142857143,0.015959428,8.48,0.88
W_KOR_074.txt,KOR,35,A2_0,1,4.016605019,2.611526053,0.053268765,3.237384615,605.5178906,0.663333333,0.58,0.992248062,0.170542636,0.124031008,0.010198825,8.666666667,0.8125
W_THA_032.txt,THA,23,A2_0,1,4.101500766,2.703698313,0.018518519,2.867557252,611.6518217,0.787460317,0.762638889,0.689189189,0.060810811,0.094594595,0.022388206,8.237288136,0.728813559
W_THA_026.txt,THA,11,A2_0,1,3.996618367,2.543462395,0.022514071,2.906802721,619.9914676,0.699147982,0.730425532,0.890510949,0.153284672,0.131386861,0.027926118,9.535714286,1.089285714
W_CHN_142.txt,CHN,28,B1_1,2,3.969334545,2.548617821,0.019900498,2.962694064,611.1993182,0.791304348,0.762205882,1,0.237704918,0.106557377,0.031728348,8.08,0.92
W_JPN_004.txt,JPN,40,B2_0,4,4.011241228,2.494331423,0.017857143,2.971610169,617.3327111,0.773665689,0.71337931,0.577464789,0.084507042,0.091549296,0.012440536,7,0.59375
W_CHN_157.txt,CHN,32,B1_1,2,3.776682759,2.466025702,0.046948357,3.059826087,614.9817904,0.750207715,0.747468354,0.933333333,0.22962963,0.17037037,0.032684306,8.392156863,1.117647059
W_CHN_143.txt,CHN,28,B1_1,2,3.927356299,2.499825664,0.024691358,3.166961538,620.3233068,0.718035264,0.712625698,1.046357616,0.205298013,0.112582781,0.026156685,8.379310345,1.103448276
W_THA_027.txt,THA,36,B1_2,3,4.144726695,2.521246094,0.024774775,3.103206751,614.3519492,0.721243243,0.648045977,0.75,0.176829268,0.164634146,0.021184457,7.789473684,0.947368421
W_KOR_075.txt,KOR,38,B2_0,4,4.039459016,2.594660367,0.032467532,3.04844,613.7957676,0.81426087,0.754666667,0.657342657,0.090909091,0.083916084,0.035038956,6.794117647,0.632352941
W_SIN_165.txt,SIN,45,B1_2,3,3.286311462,2.175939033,0.084016393,3.041851852,636.595813,0.743707317,0.743684211,1.135714286,0.285714286,0.171428571,0.023898243,11.52380952,1.380952381
W_KOR_115.txt,KOR,39,B1_1,2,3.783840336,2.379380553,0.046153846,3.29443038,619.6737975,0.810444444,0.773631285,0.819354839,0.193548387,0.116129032,0.028564731,7.844827586,0.896551724
W_THA_386.txt,THA,36,B1_2,3,3.931244017,2.547308834,0.023041475,3.165726141,613.0266094,0.709830508,0.683178808,1.103174603,0.142857143,0.087301587,0.035451089,8.346153846,0.846153846
W_TWN_111.txt,TWN,21,B1_1,2,4.260269058,2.688506463,0.024886878,2.887929515,615.9420721,0.700930233,0.718857143,0.707142857,0.15,0.05,0.01938805,7.508474576,0.830508475
W_JPN_367.txt,JPN,22,A2_0,1,3.880133824,2.458032306,0.014669927,3.101127451,617.1359113,0.730095847,0.712519084,0.81512605,0.134453782,0.067226891,0.02184234,7.865384615,0.634615385
W_THA_351.txt,THA,37,B1_2,3,4.053637344,2.520442867,0.046153846,2.957107438,614.423278,0.697377049,0.674320988,0.734693878,0.183673469,0.081632653,0.020823748,6.232876712,0.643835616
W_SIN_005.txt,SIN,47,B2_0,4,3.569931298,2.213964721,0.046783626,2.992091255,628.8658366,0.775452539,0.754926829,1.220779221,0.233766234,0.207792208,0.036749942,10.26,1.26
W_THA_345.txt,THA,39,B1_2,3,3.787377419,2.495765511,0.052631579,3.112874494,613.1357724,0.736238806,0.696623377,0.913385827,0.196850394,0.181102362,0.021618554,10.45,1.4
W_THA_190.txt,THA,17,A2_0,1,4.03310241,2.562327495,0.04137931,3.189372549,605.4838618,0.733908046,0.687848101,0.906976744,0.131782946,0.131782946,0.016682611,7.631578947,0.842105263
W_JPN_171.txt,JPN,20,B1_1,2,3.919089641,2.504610012,0.011037528,3.104901961,613.3042339,0.738166189,0.722345679,0.736486486,0.094594595,0.108108108,0.017437953,7.55,0.65
W_THA_147.txt,THA,12,A2_0,1,3.759659567,2.420402823,0.016771488,3.187240143,624.1456985,0.713028846,0.733152174,0.5,0,0,0.00987068,8.368421053,1.052631579
W_THA_145.txt,THA,32,B1_1,2,3.866584082,2.437585454,0.042735043,3.107642276,614.3045902,0.750510204,0.691882353,0.787671233,0.150684932,0.095890411,0.034820915,9.176470588,1.098039216
W_JPN_173.txt,JPN,23,B1_1,2,3.751188412,2.325361461,0.027906977,3.068,620.587931,0.745846154,0.728974359,0.679389313,0.122137405,0.091603053,0.020054862,6.142857143,0.6
W_THA_179.txt,THA,15,A2_0,1,3.918121739,2.545730596,0.024038462,3.167276265,610.7459036,0.76169279,0.76137931,0.819047619,0.104761905,0.066666667,0.015597091,9.674418605,0.953488372
W_JPN_167.txt,JPN,26,A2_0,1,3.799697034,2.490459024,0.020689655,3.169916667,616.0448498,0.755348837,0.748219178,0.695035461,0.085106383,0.127659574,0.026856357,7.25,0.75
W_CHN_035.txt,CHN,29,B1_1,2,3.771794298,2.403510736,0.032119914,2.937336245,623.8801762,0.76505102,0.829299363,0.881944444,0.194444444,0.097222222,0.0235046,9.530612245,0.979591837
W_HKG_061.txt,HKG,44,B2_0,4,3.451268534,2.307504187,0.087557604,2.828205128,636.1462555,0.790773481,0.851842105,1.18487395,0.277310924,0.176470588,0.028412858,10.35714286,1.333333333
W_THA_353.txt,THA,40,B1_2,3,3.888048214,2.500414075,0.030837004,2.975638767,615.4463063,0.675434783,0.738646617,1.007462687,0.119402985,0.119402985,0.027826362,12.27027027,1.432432432
W_JPN_239.txt,JPN,21,A2_0,1,3.711169196,2.450642107,0.042986425,3.205,620.3442466,0.7552,0.718686131,0.728571429,0.107142857,0.135714286,0.012902523,7.491525424,0.796610169
W_KOR_088.txt,KOR,26,A2_0,1,3.816498837,2.375040943,0.061702128,3.339269231,629.1759922,0.717855228,0.683821656,0.969465649,0.13740458,0.13740458,0.021178462,9.057692308,1.057692308
W_TWN_098.txt,TWN,40,B1_2,3,3.999971591,2.632503642,0.036093418,2.9525,614.7978788,0.739116883,0.738628571,1,0.151724138,0.103448276,0.025153381,8.563636364,0.981818182
W_IDN_008.txt,IDN,38,A2_0,1,3.788342146,2.42785325,0.03992016,3.192423077,613.0880309,0.726009615,0.725555556,1.045454545,0.12987013,0.123376623,0.024002824,10.02,1.04
W_TWN_067.txt,TWN,22,A2_0,1,4.105742584,2.494977363,0.021428571,3.245507246,602.7120673,0.720060241,0.673943662,1.046875,0.171875,0.09375,0.022776147,8.791666667,0.9375
W_KOR_077.txt,KOR,47,B1_1,2,3.676861875,2.281105439,0.060491493,3.104285714,625.2537618,0.741612903,0.718823529,0.83125,0.30625,0.1125,0.027836042,8.015151515,1.242424242
W_THA_025.txt,THA,30,B1_1,2,4.056573932,2.611435994,0.02739726,2.912948718,615.5447863,0.753714286,0.736778523,0.741496599,0.129251701,0.142857143,0.017520165,8.264150943,0.773584906
W_THA_031.txt,THA,40,B1_2,3,4.058180247,2.617856548,0.028824834,3.063153527,606.212161,0.676686047,0.654825175,0.834532374,0.079136691,0.115107914,0.018540229,7.644067797,0.542372881
W_CHN_155.txt,CHN,33,B1_1,2,3.955763359,2.517942285,0.025291829,2.926221374,616.4884411,0.740651163,0.815164835,1.032894737,0.190789474,0.171052632,0.024008154,9.178571429,0.982142857
W_KOR_274.txt,KOR,43,B2_0,4,3.765410033,2.523067619,0.037234043,3.065065359,619.0197659,0.737721519,0.668571429,1.066666667,0.242424242,0.115151515,0.021552532,8.952380952,1.015873016
W_CHN_140.txt,CHN,21,A2_0,1,3.761426446,2.434518796,0.041860465,3.006378601,616.7485477,0.800508475,0.783550296,0.953488372,0.23255814,0.108527132,0.037637622,9.14893617,1.063829787
W_KOR_062.txt,KOR,41,A2_0,1,4.014828906,2.541271178,0.027027027,2.949683794,611.5605859,0.676923077,0.675068493,0.823076923,0.1,0.084615385,0.027888744,7.073529412,0.720588235
W_SIN_172.txt,SIN,45,B1_2,3,3.590904167,2.322502327,0.043396226,2.996882129,625.1450385,0.755879828,0.764020101,1.006410256,0.205128205,0.128205128,0.02368304,8.548387097,0.983870968
W_KOR_089.txt,KOR,27,A2_0,1,3.717174576,2.377277678,0.023866348,3.149830508,621.5462979,0.726548673,0.736644295,0.861111111,0.231481481,0.111111111,0.031113791,8.38,0.94
W_TWN_106.txt,TWN,33,B1_2,3,4.00569823,2.559434751,0.026373626,2.821453744,609.8471681,0.73015625,0.712933333,0.852112676,0.112676056,0.112676056,0.023752231,8.921568627,1
W_IDN_182.txt,IDN,45,A2_0,1,3.608124151,2.357508939,0.060810811,3.357490494,623.9077273,0.736198347,0.750057803,1.042553191,0.184397163,0.205673759,0.026901193,9.652173913,1.326086957
W_JPN_358.txt,JPN,31,A2_0,1,3.766359583,2.379544528,0.030905077,3.172323651,615.7003404,0.770502793,0.739141104,0.951724138,0.227586207,0.165517241,0.030641644,8.711538462,1.25
W_CHN_034.txt,CHN,34,B1_1,2,3.691829075,2.386533924,0.043165468,2.941327434,624.8477679,0.794047619,0.850724638,0.923076923,0.2,0.115384615,0.027483252,8.6875,0.9375
W_CHN_020.txt,CHN,25,B1_1,2,3.859130093,2.470304674,0.037296037,2.99337963,613.2194884,0.753370787,0.796965517,0.961832061,0.20610687,0.122137405,0.019108086,9.127659574,1.063829787
W_JPN_172.txt,JPN,26,B1_1,2,3.955775969,2.607818164,0.008213552,3.16090566,611.0713889,0.71205,0.735505618,0.805031447,0.094339623,0.113207547,0.027585423,8.116666667,0.966666667
W_CHN_018.txt,CHN,39,B1_2,3,3.923072603,2.51365681,0.035897436,3.063394495,618.6492958,0.669865772,0.692121212,0.842519685,0.11023622,0.141732283,0.029330329,8.666666667,0.977777778
W_THA_140.txt,THA,20,A2_0,1,3.785670833,2.476720061,0.033653846,2.97593361,619.312,0.785337423,0.800425532,0.976,0.12,0.12,0.018015374,10.66666667,1.025641026
W_THA_183.txt,THA,23,A2_0,1,4.293624701,2.749706298,0.029268293,2.880156863,601.15848,0.668271605,0.625103448,0.762295082,0.147540984,0.090163934,0.015063902,7.321428571,0.607142857
W_JPN_374.txt,JPN,30,B1_1,2,3.916369257,2.506045111,0.015734266,2.9527,614.3323986,0.752175732,0.702341463,0.806060606,0.175757576,0.103030303,0.033396954,7.526315789,0.710526316
W_CHN_232.txt,CHN,38,B1_1,2,3.667377288,2.366830841,0.049115914,2.980733333,624.4668601,0.766761905,0.756571429,1.013245033,0.264900662,0.132450331,0.02729476,9.980392157,1.274509804
W_JPN_348.txt,JPN,25,B1_1,2,3.7655364,2.433783342,0.030588235,3.488031496,613.6663052,0.715549133,0.63775,0.819548872,0.15037594,0.097744361,0.013297533,8.52,1
W_SIN_002.txt,SIN,44,B1_2,3,3.404973188,2.230397337,0.085889571,2.903455882,639.4604015,0.785227818,0.828602151,0.887417219,0.21192053,0.152317881,0.025750904,9.403846154,1
W_THA_342.txt,THA,42,A2_0,1,3.615536364,2.335058876,0.061135371,2.927419355,631.0935628,0.784141689,0.856578947,1.131386861,0.233576642,0.182481752,0.03373507,11.17073171,1.487804878
W_TWN_102.txt,TWN,45,B1_1,2,4.000206912,2.603158114,0.011764706,3.056768559,613.512757,0.789728097,0.759398496,0.702898551,0.123188406,0.065217391,0.015880926,6.202898551,0.652173913
W_JPN_200.txt,JPN,25,B1_1,2,3.962472692,2.602053847,0.031128405,2.931910112,607.5839216,0.769746193,0.784431138,0.804878049,0.12804878,0.12195122,0.018526834,8,0.953125
W_JPN_214.txt,JPN,23,A2_0,1,3.740239594,2.421029388,0.023640662,3.104536585,610.0445641,0.751038576,0.755,0.872340426,0.09929078,0.170212766,0.018349473,8.632653061,0.857142857
W_THA_222.txt,THA,15,A2_0,1,3.962371364,2.491337701,0.023923445,3.014162896,618.6141364,0.736559767,0.732447552,0.873239437,0.126760563,0.161971831,0.021863911,9.311111111,0.822222222
W_SIN_162.txt,SIN,46,B1_2,3,3.402349827,2.222051508,0.053264605,3.077412587,625.7393357,0.774233129,0.847962963,1.076470588,0.229411765,0.2,0.033343305,11.35294118,1.509803922
W_JPN_228.txt,JPN,20,A2_0,1,3.791458996,2.400701043,0.019277108,3.178969957,601.3173391,0.672592593,0.654383562,0.755905512,0.149606299,0.039370079,0.023110991,9.222222222,0.755555556
W_JPN_002.txt,JPN,33,B1_2,3,4.032680296,2.606715563,0.024193548,3.210666667,602.6566502,0.624761905,0.545890411,0.892857143,0.160714286,0.0625,0.03167276,7.914893617,0.765957447
W_CHN_144.txt,CHN,32,B1_1,2,4.002211877,2.582747059,0.037475345,2.851877395,621.9248077,0.748240741,0.762988506,0.777142857,0.142857143,0.125714286,0.035966134,6.671052632,0.789473684
W_JPN_016.txt,JPN,34,B1_2,3,3.95834574,2.452605739,0.034313725,2.900542986,615.5929596,0.718215385,0.690993377,0.821138211,0.203252033,0.048780488,0.025192656,7.285714286,0.714285714
W_THA_034.txt,THA,40,B1_2,3,3.853739063,2.468032592,0.030634573,3.080996169,619.5778175,0.710246575,0.695308642,0.710344828,0.103448276,0.096551724,0.024178352,6.909090909,0.727272727
W_CHN_187.txt,CHN,35,B1_1,2,3.689446383,2.345897899,0.044491525,3.08185654,622.448319,0.757959184,0.735287356,0.979865772,0.181208054,0.154362416,0.029312635,8.428571429,1.160714286
W_KOR_259.txt,KOR,44,B2_0,4,3.818145122,2.448329041,0.054216867,2.974979424,618.0961633,0.797113924,0.773253012,0.72972973,0.135135135,0.114864865,0.013649377,8.3,1
W_CHN_145.txt,CHN,28,B1_1,2,3.882925664,2.583417584,0.046666667,2.747831858,614.9714732,0.712506887,0.677677419,0.985074627,0.298507463,0.082089552,0.052001124,9,1.08
W_JPN_003.txt,JPN,34,A2_0,1,3.860108475,2.465687119,0.013888889,3.234937238,614.8220851,0.708647059,0.724320988,0.790849673,0.098039216,0.14379085,0.021743866,7.2,0.75
W_SIN_163.txt,SIN,45,B1_2,3,3.516337407,2.254993441,0.051330798,3.020674157,626.3289963,0.744391304,0.71872549,0.689873418,0.17721519,0.094936709,0.031190755,8.915254237,0.86440678
W_THA_237.txt,THA,44,B1_2,3,4.174339013,2.610502596,0.016746411,3.01454955,612.5325561,0.744911243,0.727703704,0.634482759,0.124137931,0.075862069,0.022567399,7.084745763,0.677966102
W_THA_223.txt,THA,44,B1_2,3,4.160969492,2.627935779,0.013392857,2.923373984,604.8426068,0.735689655,0.753289474,0.75,0.121621622,0.087837838,0.01674886,7.842105263,0.736842105
W_JPN_215.txt,JPN,21,B1_1,2,3.89467973,2.521987652,0.023201856,3.055619469,610.9468182,0.777463977,0.752483221,0.829268293,0.178861789,0.105691057,0.022822563,10.30952381,1.19047619
W_CHN_353.txt,CHN,38,B2_0,4,3.781923109,2.402536648,0.047311828,3.023744856,622.7320588,0.80112,0.834878049,0.818181818,0.223776224,0.062937063,0.026316097,8.773584906,1.188679245
W_KOR_113.txt,KOR,42,A2_0,1,3.672692887,2.392325667,0.032822757,2.914152542,618.1010593,0.736613757,0.828275862,0.864,0.128,0.136,0.013363027,10.15555556,0.977777778
W_THA_343.txt,THA,33,B1_1,2,4.149579508,2.629708724,0.017777778,3.003770492,605.3589256,0.728647215,0.715102041,0.718309859,0.14084507,0.063380282,0.031543532,7.03125,0.59375
W_THA_357.txt,THA,46,B1_2,3,3.940057244,2.525595698,0.025896414,3.020627178,617.7062633,0.730696517,0.692631579,0.87755102,0.170068027,0.115646259,0.017405258,8.807017544,1.01754386
W_IDN_193.txt,IDN,41,A2_0,1,3.547119331,2.333371224,0.057569296,3.234344569,625.5844615,0.742395833,0.735795455,1.099337748,0.152317881,0.145695364,0.02768147,9.38,1.04
W_HKG_071.txt,HKG,43,B1_2,3,3.676451737,2.438315221,0.04526749,3.10859375,619.4288095,0.749925187,0.713707865,1.116438356,0.205479452,0.109589041,0.035954812,10.34042553,1.234042553
W_HKG_065.txt,HKG,44,B2_0,4,3.521183214,2.295429235,0.062124248,2.949350181,632.9184559,0.771360382,0.775544554,1.303448276,0.296551724,0.193103448,0.019092041,11.9047619,1.619047619
W_THA_155.txt,THA,21,A2_0,1,4.140304651,2.678605652,0.022172949,3.010192308,606.2703488,0.785322581,0.750943396,0.621621622,0.121621622,0.101351351,0.01819349,7.516666667,0.6
W_JPN_163.txt,JPN,23,A2_0,1,4.016122917,2.524952844,0.028824834,3.122697095,607.2535,0.728858696,0.693630573,0.796052632,0.111842105,0.078947368,0.022029679,7.912280702,1
W_THA_169.txt,THA,22,A2_0,1,4.244863592,2.643331109,0.015,2.834417476,615.7269082,0.732176656,0.819454545,0.85483871,0.153225806,0.161290323,0.026883642,7.290909091,0.690909091
W_JPN_177.txt,JPN,29,B1_2,3,3.903689744,2.473731489,0.025821596,3.110210084,612.9542918,0.725443787,0.718807947,0.705882353,0.154411765,0.073529412,0.018281642,7.1,0.716666667
W_JPN_161.txt,JPN,21,A2_0,1,3.925030263,2.540041521,0.009174312,3.187914894,609.7060811,0.7336875,0.716056338,0.633802817,0.154929577,0.077464789,0.021230473,7.266666667,0.7
W_CHN_027.txt,CHN,28,B1_1,2,3.905665066,2.533357503,0.047281324,2.96995671,614.8627074,0.745823529,0.790612245,0.738461538,0.184615385,0.107692308,0.016428829,7.310344828,0.793103448
W_JPN_175.txt,JPN,19,B1_1,2,3.784884071,2.39828368,0.035629454,3.15209607,615.1998206,0.772959502,0.765517241,0.753731343,0.149253731,0.111940299,0.027345184,7.13559322,0.847457627
W_THA_157.txt,THA,45,B1_2,3,3.712680137,2.423471732,0.056751468,3.118020478,619.4855208,0.748084112,0.734881517,1.017857143,0.208333333,0.130952381,0.025568956,9.309090909,1.2
W_JPN_149.txt,JPN,26,B1_1,2,3.924132245,2.491165511,0.028017241,2.972539683,613.0640417,0.801127596,0.773421053,0.652777778,0.104166667,0.083333333,0.023776318,6.724637681,0.594202899
W_IDN_191.txt,IDN,40,A2_0,1,4.068242291,2.626748051,0.0430839,3.286872247,598.4489868,0.674824798,0.635890411,0.935064935,0.116883117,0.103896104,0.013138596,7.620689655,0.931034483
W_JPN_363.txt,JPN,21,A2_0,1,3.803255066,2.387938549,0.034965035,3.224229075,610.1756696,0.707089337,0.629068323,1.023622047,0.149606299,0.125984252,0.032650408,7.763636364,0.963636364
W_SIN_015.txt,SIN,45,B1_2,3,3.552722556,2.358176655,0.069662921,2.942099237,631.2969697,0.788882834,0.799021739,1,0.28358209,0.126865672,0.030113427,8.557692308,1.211538462
W_SIN_001.txt,SIN,45,B1_2,3,3.445627465,2.196004292,0.080586081,3.031241135,635.3170397,0.732991803,0.689636364,1.253246753,0.207792208,0.181818182,0.012349565,9.448275862,1.120689655
W_THA_235.txt,THA,37,B1_2,3,3.831560976,2.481897133,0.029213483,3.094878049,618.6496748,0.733146067,0.716959064,1.028571429,0.235714286,0.157142857,0.025034153,8.9,1.18
W_CHN_191.txt,CHN,26,B1_1,2,3.800894628,2.469355157,0.042372881,2.98846473,621.802438,0.759173127,0.766783626,1.007575758,0.212121212,0.143939394,0.037216856,8.905660377,1.037735849
W_JPN_014.txt,JPN,37,B1_1,2,3.886618367,2.481679219,0.038,3.031497976,617.126898,0.740246914,0.685649718,0.778481013,0.113924051,0.14556962,0.020800535,7.936507937,0.936507937
W_SIN_174.txt,SIN,47,B2_0,4,3.385816529,2.223265163,0.071278826,2.966708333,634.1528511,0.804790123,0.888220859,1.264705882,0.183823529,0.176470588,0.018463614,10.66666667,1.2
W_THA_234.txt,THA,44,B1_2,3,3.945204887,2.549384282,0.04233871,3.031520913,615.6118561,0.733578947,0.744936709,0.832214765,0.120805369,0.154362416,0.028270392,8.266666667,0.9
W_SIN_148.txt,SIN,47,B2_0,4,3.693093534,2.384740114,0.048565121,2.81826087,636.1545455,0.780837696,0.80212766,1.080645161,0.177419355,0.177419355,0.034352659,10.80952381,1.142857143
W_JPN_216.txt,JPN,31,B1_2,3,3.701041803,2.35823423,0.026748971,3.110562249,622.1120165,0.811734694,0.822893082,0.895104895,0.167832168,0.13986014,0.030821498,10.38297872,1
W_TWN_100.txt,TWN,37,B1_2,3,3.767,2.387065945,0.039506173,3.036445498,616.4571698,0.779512195,0.754709677,0.911504425,0.194690265,0.07079646,0.033925142,9.666666667,0.928571429
W_KOR_138.txt,KOR,45,B2_0,4,3.776376325,2.493307148,0.050682261,3.11513986,615.7027798,0.728487805,0.740344828,0.773006135,0.110429448,0.110429448,0.021300507,8.290322581,0.774193548
W_THA_383.txt,THA,28,B1_1,2,3.945296564,2.476168162,0.04518664,3.113448276,614.8194138,0.679360731,0.611682243,0.823170732,0.256097561,0.091463415,0.021139538,9.142857143,1.214285714
W_THA_340.txt,THA,46,B1_2,3,3.882870996,2.463758272,0.060465116,3.170909091,620.4021304,0.725849582,0.761958042,1.01459854,0.087591241,0.167883212,0.024572008,12.28571429,1.228571429
W_JPN_376.txt,JPN,24,B1_1,2,3.825517695,2.428952594,0.037861915,3.128024691,616.9541494,0.791111111,0.779418605,0.826086957,0.166666667,0.101449275,0.037620929,8.98,0.96
W_THA_368.txt,THA,28,B1_1,2,3.877590377,2.492852503,0.038374718,2.86707113,628.3928033,0.750778098,0.800606061,0.924369748,0.176470588,0.159663866,0.020290591,8.203703704,0.907407407
W_THA_195.txt,THA,10,A2_0,1,4.009806478,2.54475305,0.023310023,3.074578313,615.6204472,0.774651163,0.794615385,0.774774775,0.081081081,0.135135135,0.011253586,9.75,0.795454545
W_THA_156.txt,THA,41,B1_2,3,4.165323605,2.656899101,0.028776978,3.024851064,604.3262771,0.722463343,0.675294118,0.867647059,0.227941176,0.080882353,0.021421886,8.510204082,1
W_CHN_026.txt,CHN,16,A2_0,1,3.837165351,2.482614259,0.023094688,3.084517544,620.5572368,0.686442577,0.650184049,1,0.106870229,0.122137405,0.015850282,8.326923077,0.826923077
W_THA_131.txt,THA,26,B1_1,2,4.212440611,2.656164566,0.018306636,2.955042735,602.6107895,0.762099125,0.765076923,0.592592593,0.059259259,0.111111111,0.023144849,7.406779661,0.457627119
W_CHN_041.txt,CHN,15,A2_0,1,4.01652735,2.575282433,0.020689655,3.135798319,606.09375,0.733846154,0.668072289,0.896825397,0.246031746,0.103174603,0.021592636,8.264150943,1.018867925
W_JPN_113.txt,JPN,20,B1_1,2,3.98317026,2.559418339,0.015384615,2.966911765,614.6795113,0.762470309,0.790314465,0.586826347,0.083832335,0.107784431,0.009809292,7.878787879,0.712121212
W_HKG_015.txt,HKG,39,B2_0,4,3.561085821,2.356347542,0.070484581,3.128565891,624.8452734,0.698891967,0.712345679,1.182481752,0.167883212,0.160583942,0.024128608,10.80952381,1.142857143
W_CHN_082.txt,CHN,26,B1_1,2,3.786023077,2.451647209,0.051219512,3.015940171,610.7587069,0.769309309,0.743355705,0.911290323,0.25,0.096774194,0.008526204,8.541666667,0.958333333
W_JPN_339.txt,JPN,33,B1_1,2,3.856448606,2.499497565,0.036281179,3.260311284,607.3597992,0.690705882,0.647100592,0.802721088,0.156462585,0.095238095,0.026513916,7.875,0.875
W_JPN_311.txt,JPN,28,A2_0,1,3.850848511,2.394587965,0.047029703,3.065964912,614.166087,0.738113208,0.73337931,0.868217054,0.19379845,0.170542636,0.028981813,8.244897959,0.897959184
W_KOR_177.txt,KOR,46,B2_0,4,3.937265138,2.560739025,0.038369305,2.925251142,614.3736449,0.759212121,0.731594203,1.040650407,0.154471545,0.073170732,0.020365894,7.06779661,0.779661017
W_SIN_098.txt,SIN,41,B1_2,3,3.680997744,2.388821107,0.042635659,3.23594697,620.665,0.732389791,0.764,1.24,0.146666667,0.24,0.017790399,10.48979592,1.040816327
W_THA_253.txt,THA,30,B1_1,2,3.665379137,2.347856758,0.045248869,3.111413043,626.7593431,0.773782991,0.82754491,0.876033058,0.140495868,0.132231405,0.018715555,8.339622642,0.981132075
W_SIN_113.txt,SIN,42,B1_2,3,3.339128912,2.173444999,0.06500956,3.174479167,636.7264138,0.778693694,0.783574879,1.139072848,0.198675497,0.264900662,0.043514489,12.38095238,1.5
W_THA_284.txt,THA,31,B1_1,2,4.017389823,2.609098896,0.038636364,3.063584071,622.0145133,0.718555556,0.726133333,0.824324324,0.162162162,0.087837838,0.029307991,7.112903226,0.838709677
W_KOR_017.txt,KOR,41,B1_1,2,3.509228448,2.280953997,0.035971223,3.248898305,616.5178696,0.715948553,0.679597315,0.951724138,0.227586207,0.220689655,0.019550978,8.6875,1.25
W_JPN_073.txt,JPN,28,B1_2,3,3.94700995,2.519797378,0.020642202,2.983432836,606.6238384,0.750519878,0.787874016,0.713286713,0.111888112,0.160839161,0.028496434,7.517241379,0.75862069
W_JPN_067.txt,JPN,30,B1_2,3,3.942858911,2.375308649,0.029680365,2.868712871,617.1001485,0.695654596,0.618015267,0.89516129,0.161290323,0.112903226,0.016953757,7.517241379,0.896551724
W_JPN_098.txt,JPN,24,A2_0,1,3.860404147,2.466804321,0.041062802,3.119004525,613.5395794,0.663815789,0.680661157,0.679389313,0.091603053,0.083969466,0.022546678,7.016949153,0.610169492
W_KOR_215.txt,KOR,32,B2_0,4,4.09558,2.615549396,0.030516432,3.143688889,610.0900435,0.660115607,0.575703704,0.822222222,0.155555556,0.111111111,0.013967141,7.763636364,0.8
W_KOR_228.txt,KOR,44,B2_0,4,3.755959922,2.390153347,0.037344398,3.111294118,615.4311067,0.703060686,0.670384615,0.722972973,0.114864865,0.101351351,0.040106629,7.774193548,0.693548387
W_JPN_099.txt,JPN,25,A2_0,1,3.906784549,2.607158031,0.019002375,3.08892562,614.0687336,0.74371517,0.705797101,0.603053435,0.114503817,0.083969466,0.017134927,6.85483871,0.774193548
W_THA_044.txt,THA,38,B1_2,3,3.938825896,2.516596421,0.054824561,3.024980237,606.0271371,0.738915989,0.683058824,0.762237762,0.188811189,0.111888112,0.01728745,7.35483871,0.822580645
W_THA_050.txt,THA,27,B1_1,2,3.997652586,2.539972954,0.02905569,2.998908297,610.7111111,0.780966767,0.81904,0.791044776,0.089552239,0.141791045,0.012910692,10.325,1.025
W_THA_291.txt,THA,41,B1_2,3,3.980862452,2.495546395,0.026845638,3.048269231,608.1942146,0.797900552,0.838690476,0.936170213,0.177304965,0.163120567,0.015041746,8.145454545,1.109090909
W_JPN_264.txt,JPN,26,B1_1,2,3.704976606,2.351854804,0.018518519,3.225509259,617.1053052,0.7485,0.764117647,0.815602837,0.070921986,0.163120567,0.022078478,8,0.740740741
W_JPN_270.txt,JPN,16,A2_0,1,3.706360648,2.270313138,0.027272727,3.1868,619.81,0.745800604,0.795538462,1.037593985,0.120300752,0.112781955,0.024260143,7.568965517,0.879310345
W_JPN_304.txt,JPN,44,A2_0,1,3.855745701,2.489641143,0.028776978,2.927964602,616.8856422,0.756862745,0.81296,0.658536585,0.089430894,0.081300813,0.0201816,7.446428571,0.678571429
W_CHN_097.txt,CHN,21,A2_0,1,3.875724615,2.578117043,0.03646833,3.029616858,613.378249,0.745277778,0.743020833,1.06875,0.175,0.16875,0.026717176,9.157894737,1.157894737
W_JPN_106.txt,JPN,20,A2_0,1,3.756293074,2.372278924,0.046948357,3.070652174,616.7001762,0.725465465,0.698648649,0.781690141,0.176056338,0.147887324,0.014580239,7.220338983,0.966101695
W_THA_124.txt,THA,29,B1_1,2,4.087841438,2.608798584,0.037037037,2.921137931,612.5703425,0.753257919,0.714051282,0.986754967,0.165562914,0.112582781,0.018732067,9.534482759,0.827586207
W_JPN_138.txt,JPN,25,B1_1,2,3.846738532,2.469768164,0.011792453,3.134266055,624.068436,0.697777778,0.75203252,0.9375,0.1171875,0.15625,0.018090317,7.571428571,0.785714286
W_CHN_095.txt,CHN,29,B1_1,2,3.821118478,2.438061927,0.044444444,2.925126354,618.6302182,0.773333333,0.820201005,0.915789474,0.157894737,0.152631579,0.013069123,9.483870968,1.225806452
W_THA_330.txt,THA,40,B1_2,3,3.787173668,2.435761783,0.059273423,3.05645768,623.1323585,0.766126126,0.759,1.041916168,0.173652695,0.19760479,0.030450001,9.685185185,1.12962963
W_SIN_070.txt,SIN,43,B1_2,3,3.805484279,2.443353003,0.029345372,2.977324561,616.2749333,0.800526316,0.792846715,0.787878788,0.121212121,0.083333333,0.047005724,8.538461538,0.788461538
W_THA_324.txt,THA,20,A2_0,1,3.733411278,2.305649785,0.059241706,3.308619403,610.954053,0.590128205,0.545427136,0.611510791,0.179856115,0.122302158,0.007054704,6.393939394,0.803030303
W_JPN_306.txt,JPN,36,A2_0,1,3.921681933,2.524069572,0.037558685,3.040420168,608.9020426,0.754424242,0.697267081,0.684563758,0.174496644,0.10738255,0.035814475,6.887096774,0.967741935
W_KOR_174.txt,KOR,43,B1_1,2,4.06402467,2.601478651,0.022916667,2.956550218,606.2810177,0.792756757,0.795147059,0.668711656,0.110429448,0.098159509,0.015732583,7.384615385,0.692307692
W_SIN_104.txt,SIN,47,B2_0,4,3.679740278,2.392948179,0.032941176,2.899766355,634.2384977,0.797026239,0.806,1.083333333,0.189393939,0.143939394,0.02457179,9.659090909,1.227272727
W_THA_250.txt,THA,29,B1_1,2,3.979107724,2.55566658,0.023310023,3.07766129,610.1820248,0.734561404,0.732907801,0.891472868,0.093023256,0.108527132,0.019805331,7.962962963,0.648148148
W_THA_278.txt,THA,30,B1_1,2,3.76086749,2.429480748,0.053364269,3.03197479,618.3594628,0.727155425,0.666961326,0.943661972,0.26056338,0.112676056,0.021455525,7.696428571,1.053571429
W_THA_287.txt,THA,22,A2_0,1,4.256794059,2.506971178,0.038277512,2.973960396,605.4767662,0.673897281,0.596592593,0.928571429,0.15,0.135714286,0.020086142,7.618181818,0.890909091
W_THA_293.txt,THA,44,B1_2,3,3.826311659,2.363994305,0.036697248,3.05,620.3661818,0.787213115,0.807671233,0.949579832,0.18487395,0.084033613,0.008684551,10.4047619,1.238095238
W_JPN_058.txt,JPN,36,B1_2,3,3.884817284,2.514517182,0.020325203,2.946220472,613.2285294,0.771897436,0.759285714,0.690789474,0.138157895,0.092105263,0.018163437,7.235294118,0.808823529
W_THA_052.txt,THA,21,A2_0,1,4.042326027,2.630224627,0.044496487,3.038181818,603.375,0.717829912,0.705693431,0.76119403,0.134328358,0.134328358,0.029115659,7.763636364,0.763636364
W_CHN_122.txt,CHN,32,B1_1,2,3.76895531,2.359687405,0.029411765,3.002133333,623.3163839,0.786307278,0.853013699,0.894366197,0.169014085,0.098591549,0.023629325,8.86,0.8
W_JPN_070.txt,JPN,28,A2_0,1,3.935321296,2.496073802,0.029885057,3.148240741,614.0185185,0.697869822,0.6584375,0.6875,0.0625,0.097222222,0.024342235,7.517241379,0.724137931
W_THA_085.txt,THA,17,A2_0,1,3.7774893,2.385416715,0.047029703,3.078647541,625.6933745,0.771382637,0.760129032,0.805970149,0.179104478,0.179104478,0.020598806,9.619047619,0.952380952
W_THA_091.txt,THA,14,A2_0,1,4.032838618,2.593401593,0.015350877,3.02556,610.3181893,0.759217877,0.731972789,0.72027972,0.097902098,0.111888112,0.020653624,8.142857143,0.75
W_KOR_217.txt,KOR,37,B1_2,3,3.7291,2.407393996,0.049107143,3.146748971,618.1162343,0.746397849,0.701117318,0.914285714,0.178571429,0.192857143,0.026699246,9.354166667,1.270833333
W_THA_090.txt,THA,15,A2_0,1,3.970670149,2.544300958,0.040567951,3.038801498,617.3354682,0.733016627,0.713297872,0.962962963,0.125925926,0.118518519,0.029074113,8.963636364,0.872727273
W_THA_053.txt,THA,21,A2_0,1,4.155672532,2.605374237,0.032786885,3.143305085,603.9629437,0.714086379,0.652816901,0.699300699,0.104895105,0.111888112,0.01859374,7.237288136,0.593220339
W_KOR_029.txt,KOR,36,B1_1,2,3.987153587,2.564724173,0.026442308,2.998032787,608.6107627,0.732352941,0.682517483,0.933884298,0.115702479,0.173553719,0.028983719,8.645833333,1.041666667
W_JPN_298.txt,JPN,46,B1_2,3,3.913694787,2.50305964,0.033018868,3.197323944,610.7816667,0.736195965,0.705,1.015151515,0.128787879,0.166666667,0.023263247,8.31372549,1.039215686
W_SIN_139.txt,SIN,47,B2_0,4,3.368583704,2.250711981,0.091439689,2.875601504,635.2903371,0.745617978,0.822659574,1.146853147,0.202797203,0.188811189,0.029715652,11.17391304,1.282608696
W_IDN_081.txt,IDN,45,B1_1,2,3.644971521,2.409293093,0.052919708,3.028529412,624.594202,0.785215517,0.792427184,0.873333333,0.206666667,0.113333333,0.019573904,9.116666667,1.116666667
W_IDN_095.txt,IDN,46,A2_0,1,3.572878548,2.383663303,0.044834308,3.066688742,626.0032881,0.738792271,0.711262136,0.850931677,0.142857143,0.049689441,0.025461347,7.671641791,0.746268657
W_JPN_267.txt,JPN,25,B1_1,2,4.059222768,2.638987959,0.013636364,3.083086957,608.9050226,0.754157303,0.749846154,0.888888889,0.103174603,0.142857143,0.023524036,8.018181818,0.672727273
W_KOR_149.txt,KOR,36,A2_0,1,3.826334468,2.344420325,0.042959427,3.047319149,615.7745532,0.706504559,0.679176471,1.235955056,0.303370787,0.202247191,0.009982051,10.475,1.425
W_JPN_307.txt,JPN,38,A2_0,1,3.938565086,2.53035451,0.031476998,3.066340426,608.5974892,0.717483871,0.693181818,0.636363636,0.090909091,0.066115702,0.011549013,6.353846154,0.615384615
W_JPN_313.txt,JPN,25,A2_0,1,4.069050847,2.617694459,0.030634573,2.75907563,611.3165812,0.773168044,0.76725,0.731343284,0.253731343,0.089552239,0.018502532,7.711864407,0.949152542
W_SIN_059.txt,SIN,44,B1_2,3,3.821062109,2.445805778,0.041666667,2.886653543,619.8517578,0.775603217,0.756506024,1.047244094,0.212598425,0.102362205,0.029730619,9.638297872,0.914893617
W_SIN_071.txt,SIN,48,B2_0,4,3.346383071,2.163645262,0.080321285,2.935335968,638.9813439,0.693089245,0.77494382,1.242424242,0.204545455,0.204545455,0.018038031,11.38636364,1.113636364
W_HKG_003.txt,HKG,43,B1_2,3,3.676696154,2.409014549,0.034146341,3.033623188,621.3409756,0.775421687,0.762302158,1.126126126,0.279279279,0.144144144,0.024698107,10,1.195121951
W_JPN_111.txt,JPN,20,A2_0,1,4.154208264,2.637995061,0.029598309,3.043471074,605.5678512,0.648320802,0.582875,0.868055556,0.201388889,0.111111111,0.025179994,6.869565217,0.942028986
W_CHN_084.txt,CHN,38,B1_2,3,3.613960185,2.414529181,0.054673721,2.828231707,628.2395283,0.854978355,0.9,0.654450262,0.193717277,0.078534031,0.029543698,8.1,1
W_CHN_090.txt,CHN,27,B1_1,2,3.835325926,2.494633318,0.042056075,2.854857143,610.7802101,0.822738095,0.863708609,1.007936508,0.142857143,0.079365079,0.023516557,8.916666667,0.854166667
W_JPN_303.txt,JPN,38,B1_1,2,3.754376471,2.385521894,0.026506024,2.939144385,620.5469945,0.720058824,0.756638655,1.095652174,0.139130435,0.147826087,0.024158242,7.685185185,0.944444444
W_SIN_075.txt,SIN,45,B1_2,3,3.612412157,2.358330409,0.056751468,3.021299213,626.2883267,0.75690583,0.765581395,0.890410959,0.164383562,0.136986301,0.038391819,9.481481481,0.888888889
W_KOR_171.txt,KOR,12,A2_0,1,3.904732245,2.458069049,0.03892944,3.104734694,619.5014286,0.699626168,0.769931034,1.009615385,0.230769231,0.134615385,0.034611199,7.490909091,0.890909091
W_KOR_159.txt,KOR,21,B1_1,2,3.947022066,2.559231571,0.052752294,3.021284404,618.6241706,0.790238095,0.805343511,0.882352941,0.117647059,0.102941176,0.022631909,8.226415094,0.660377358
W_THA_269.txt,THA,32,B1_1,2,3.987632051,2.581522406,0.04,3.168333333,605.0814957,0.720458453,0.692450331,1.031007752,0.100775194,0.170542636,0.030626455,9.511111111,1.222222222
W_SIN_101.txt,SIN,44,B1_2,3,3.57612618,2.325952762,0.070422535,2.957391304,622.8203478,0.791578947,0.826709677,0.952,0.224,0.12,0.014303041,10.92307692,1.051282051
W_THA_255.txt,THA,31,B1_1,2,3.909362044,2.547181583,0.022540984,3.095183824,613.0618613,0.798545455,0.763934426,0.821428571,0.202380952,0.125,0.027652192,8.15,0.883333333
W_JPN_288.txt,JPN,40,A2_0,1,3.987373878,2.51279761,0.028384279,3.137698413,609.2887243,0.697430168,0.693892216,0.658064516,0.148387097,0.122580645,0.01622944,6.835820896,0.850746269
W_JPN_075.txt,JPN,23,A2_0,1,3.96302554,2.523408911,0.016032064,3.062384342,611.2374908,0.738427518,0.693119266,0.734104046,0.190751445,0.092485549,0.012394512,6.743243243,0.851351351
W_THA_043.txt,THA,31,B1_1,2,3.966886397,2.655436583,0.034188034,2.99781362,612.4201493,0.766210526,0.768837209,0.882352941,0.125,0.161764706,0.019918291,8.357142857,0.803571429
W_JPN_049.txt,JPN,33,B1_2,3,3.847699556,2.459525931,0.01814059,3.125535714,608.4230667,0.687362637,0.644836601,0.956834532,0.165467626,0.136690647,0.035196945,8.018181818,0.981818182
W_KOR_213.txt,KOR,41,B2_0,4,3.678462977,2.330091477,0.050847458,3.05210728,623.3506107,0.734121212,0.696516854,0.9,0.276923077,0.076923077,0.016162266,8.787234043,1.021276596
W_THA_081.txt,THA,21,A2_0,1,4.15313871,2.705168303,0.036217304,3.080950704,602.1197491,0.746894866,0.675911602,0.848275862,0.131034483,0.075862069,0.021330208,8.534482759,0.862068966
W_KOR_206.txt,KOR,38,B1_1,2,3.674363184,2.221295718,0.044117647,3.119901478,611.1989394,0.673846154,0.600394737,0.714285714,0.203007519,0.090225564,0.025761036,7.555555556,0.759259259
W_KOR_212.txt,KOR,38,B2_0,4,3.851810185,2.474298182,0.043280182,3.232093023,617.8914884,0.751584699,0.715033557,1.037037037,0.17037037,0.133333333,0.024178923,8.607843137,0.960784314
W_THA_056.txt,THA,35,B1_1,2,4.053572481,2.579704774,0.035416667,2.997671756,600.29,0.6833,0.621212121,0.814814815,0.203703704,0.111111111,0.011760073,7.603174603,0.904761905
W_THA_042.txt,THA,21,A2_0,1,4.293664602,2.697360629,0.013986014,3.032139738,604.5584889,0.727813411,0.642302158,0.751879699,0.172932331,0.105263158,0.007585648,8.755102041,0.959183673
W_CHN_132.txt,CHN,26,B1_1,2,3.826424658,2.440112216,0.056930693,2.896605505,619.007032,0.755379939,0.779020979,0.888888889,0.26984127,0.055555556,0.023470129,8.244897959,0.959183673
W_JPN_289.txt,JPN,44,A2_0,1,3.88635426,2.456107893,0.021226415,2.812088889,619.3854091,0.771071429,0.78115942,0.736842105,0.127819549,0.112781955,0.018782906,7.310344828,0.827586207
W_KOR_004.txt,KOR,38,B2_0,4,3.580572266,2.396303114,0.057259714,3.1390625,625.0302353,0.708790123,0.713017751,1.082089552,0.164179104,0.111940299,0.032318594,9.403846154,0.961538462
W_SIN_100.txt,SIN,47,B2_0,4,3.239906431,2.127683828,0.080279232,2.970983607,638.7652459,0.79444227,0.850165289,1.298136646,0.291925466,0.248447205,0.028397428,13.64285714,1.80952381
W_SIN_114.txt,SIN,46,B1_2,3,3.661434404,2.28963839,0.0496614,3.05453271,624.6419249,0.722196532,0.747714286,1.038167939,0.106870229,0.175572519,0.02579825,8.68627451,0.862745098
W_THA_268.txt,THA,42,B1_2,3,3.839623364,2.497158472,0.025700935,2.977668161,613.7210526,0.747261905,0.759407407,0.844444444,0.125925926,0.118518519,0.025835667,6.793650794,0.857142857
W_TWN_160.txt,TWN,33,B1_2,3,3.874745957,2.557252505,0.045783133,2.963175966,621.156824,0.773433735,0.764055944,0.875,0.15625,0.109375,0.020607614,8.829787234,1.063829787
W_SIN_074.txt,SIN,44,B1_2,3,3.509727491,2.29623805,0.076023392,2.95837931,634.7328671,0.791183295,0.826276596,0.98630137,0.239726027,0.095890411,0.020861072,10.05882353,1.156862745
W_THA_334.txt,THA,33,B1_1,2,3.865823868,2.482329634,0.044705882,2.941598361,622.3862963,0.742865169,0.762790698,0.813333333,0.146666667,0.153333333,0.017272866,8.094339623,0.981132075
W_CHN_091.txt,CHN,26,B1_1,2,3.841630233,2.462013192,0.044186047,2.929907407,617.4693023,0.759382022,0.799863014,0.830882353,0.154411765,0.139705882,0.027137439,7.981481481,0.944444444
W_THA_122.txt,THA,25,B1_1,2,4.012178059,2.560910775,0.028985507,3.067438017,611.1695319,0.743780488,0.691518987,0.730496454,0.056737589,0.09929078,0.016401975,9,1.085106383
W_JPN_128.txt,JPN,24,B1_1,2,3.923183186,2.54148723,0.036951501,3.030349345,610.3761607,0.706860465,0.687591241,0.798561151,0.09352518,0.129496403,0.015833719,7.596491228,0.929824561
W_JPN_100.txt,JPN,15,A2_0,1,3.971157143,2.509044184,0.021327014,3.007706422,608.3685714,0.729171598,0.732888889,0.784615385,0.146153846,0.123076923,0.029400088,7.962264151,1.056603774
W_JPN_102.txt,JPN,20,A2_0,1,3.923177682,2.484097661,0.026442308,3.065404255,615.6895279,0.782523077,0.751724138,0.697841727,0.172661871,0.079136691,0.019042154,7.428571429,0.892857143
W_THA_108.txt,THA,41,B1_2,3,3.698232917,2.389362769,0.033333333,3.161,625.2636134,0.768726287,0.778682635,1.042857143,0.2,0.157142857,0.022412375,9.782608696,1.086956522
W_JPN_116.txt,JPN,20,A2_0,1,3.847515748,2.469672633,0.028248588,2.87688716,631.1443083,0.711084906,0.762264151,0.806896552,0.089655172,0.089655172,0.009701892,7.273972603,0.616438356
W_THA_120.txt,THA,39,B1_2,3,3.965120455,2.562700486,0.029339853,3.018666667,620.1635945,0.787245509,0.80141844,0.830769231,0.184615385,0.115384615,0.035196113,8.520833333,1.0625
W_TWN_189.txt,TWN,38,B1_1,2,4.061407116,2.557575782,0.027310924,3.109400749,612.1497004,0.72745098,0.734148936,0.941176471,0.154411765,0.132352941,0.023654712,8.517857143,1.142857143
W_JPN_314.txt,JPN,20,B1_1,2,3.86207451,2.374583085,0.032338308,2.985566502,613.730098,0.742051282,0.733787879,0.762962963,0.177777778,0.155555556,0.021122205,7.444444444,0.814814815
W_THA_322.txt,THA,34,B1_1,2,3.897876577,2.521819087,0.054117647,2.805663717,622.6405455,0.787065527,0.813191489,0.830882353,0.102941176,0.125,0.014438296,9.88372093,1.069767442
W_JPN_328.txt,JPN,25,B1_1,2,3.872680827,2.443078163,0.029038113,2.996164875,614.182278,0.718682353,0.689222798,0.753012048,0.180722892,0.078313253,0.026304409,6.8875,0.85
W_SIN_062.txt,SIN,44,B1_2,3,3.315239223,2.223739162,0.075581395,2.966308244,638.5887455,0.800044346,0.850288462,1.385620915,0.346405229,0.261437908,0.031888831,13.23076923,2.128205128
W_TWN_162.txt,TWN,27,B1_2,3,4.031075446,2.586348934,0.043981481,3.008705357,613.5196413,0.719125683,0.660729927,1.227272727,0.236363636,0.081818182,0.015388803,9.020833333,0.958333333
W_JPN_274.txt,JPN,11,A2_0,1,3.979897021,2.503953615,0.029339853,3.148796681,607.4950215,0.728370607,0.660124224,0.68707483,0.129251701,0.06122449,0.012390202,6.816666667,0.55
W_JPN_260.txt,JPN,28,B1_1,2,3.71889378,2.416935229,0.019047619,3.028195122,618.9007212,0.680463768,0.697202797,0.853146853,0.097902098,0.195804196,0.028239888,9.333333333,1.311111111
W_SIN_102.txt,SIN,47,B2_0,4,3.518717904,2.39022396,0.055421687,2.927061404,643.2288889,0.787705882,0.805777778,0.826771654,0.133858268,0.086614173,0.039077477,9.222222222,0.844444444
W_TWN_016.txt,TWN,11,A2_0,1,4.270640081,2.631228968,0.018779343,3.185341365,608.1585714,0.736790831,0.745033113,0.730769231,0.096153846,0.048076923,0.009162331,8.056603774,0.603773585
W_THA_281.txt,THA,32,B1_1,2,3.779253191,2.508542098,0.053789731,3.067574468,617.8617021,0.783539823,0.738378378,0.9140625,0.1796875,0.1328125,0.017529156,9.534883721,1.209302326
W_THA_054.txt,THA,21,A2_0,1,3.937124138,2.533508314,0.042222222,3.008396947,619.9051341,0.675744681,0.616608187,0.87,0.12,0.14,0.025304173,8.490566038,1.132075472
W_THA_040.txt,THA,45,B1_2,3,3.819605263,2.527838025,0.026859504,3.279730769,617.7504943,0.702925532,0.686329114,1.027027027,0.101351351,0.128378378,0.023629702,9.307692308,0.846153846
W_KOR_204.txt,KOR,37,B2_0,4,3.5866625,2.293227603,0.060240964,3.043584229,622.9638545,0.749064748,0.7946875,1.078431373,0.189542484,0.169934641,0.030938088,8.440677966,1.016949153
W_JPN_089.txt,JPN,28,A2_0,1,3.97440107,2.516463616,0.021686747,2.840421053,615.06,0.701682243,0.674193548,0.723880597,0.111940299,0.149253731,0.017716394,7.155172414,0.75862069
W_THA_097.txt,THA,12,A2_0,1,3.982157534,2.546944139,0.017114914,3.13875576,615.7294495,0.731730205,0.735664336,0.870689655,0.137931034,0.094827586,0.014504099,8.891304348,1
W_CHN_131.txt,CHN,29,B1_1,2,3.847744206,2.420791148,0.045346062,3.00751073,615.2400431,0.740405797,0.712692308,0.963235294,0.220588235,0.169117647,0.018666876,10,1.238095238
W_THA_280.txt,THA,22,A2_0,1,4.000305263,2.540951641,0.041763341,2.956031746,620.9674286,0.769382716,0.728342857,0.683870968,0.193548387,0.135483871,0.026431063,7.098360656,0.950819672
W_KOR_007.txt,KOR,22,A2_0,1,3.856080412,2.35881367,0.035087719,2.913958333,614.288,0.764041237,0.742,1.12,0.213333333,0.166666667,0.011227205,10.01754386,1.245614035
W_SIN_117.txt,SIN,46,B1_2,3,3.553148333,2.325341746,0.061085973,2.965720339,632.3901674,0.777407407,0.819748428,1.202898551,0.253623188,0.210144928,0.034239646,11.71052632,1.447368421
W_THA_243.txt,THA,32,B1_1,2,3.687663566,2.403872905,0.048309179,3.199356061,620.7523529,0.769536424,0.711042945,0.830769231,0.230769231,0.176923077,0.023974148,8.829787234,1.29787234
W_JPN_261.txt,JPN,25,A2_0,1,3.875133333,2.456897762,0.023965142,3.215657895,616.2014414,0.718478261,0.70025974,0.801369863,0.095890411,0.123287671,0.025101105,8.5,0.907407407
W_TWN_163.txt,TWN,28,B1_1,2,4.138683333,2.618934906,0.016786571,3.035961538,608.5559606,0.704924925,0.738991597,0.858333333,0.116666667,0.066666667,0.023234688,6.758064516,0.758064516
W_TWN_177.txt,TWN,27,B1_1,2,3.700622449,2.42793791,0.048034934,2.875265306,623.8876955,0.787593583,0.75,0.948148148,0.17037037,0.155555556,0.017709936,8.807692308,1.365384615
W_SIN_088.txt,SIN,48,B2_0,4,3.504377637,2.287042032,0.06122449,3.002025316,621.7034361,0.750591398,0.741403509,0.992907801,0.19858156,0.170212766,0.025293337,9.608695652,1.108695652
W_THA_337.txt,THA,22,A2_0,1,3.443313355,2.191106509,0.048355899,3.292591362,629.283125,0.80045,0.814159292,0.888888889,0.152777778,0.138888889,0.025530051,10,1.365384615
W_SIN_077.txt,SIN,48,B2_0,4,3.361491416,2.24667753,0.07852194,2.97776824,632.5347826,0.776413043,0.835144509,1.140625,0.265625,0.1875,0.025746458,11.39473684,1.394736842
W_JPN_315.txt,JPN,28,B1_1,2,3.863346696,2.451374749,0.023752969,3.269432314,611.3994248,0.771818182,0.683461538,0.712328767,0.109589041,0.116438356,0.019065059,8.42,0.88
W_JPN_301.txt,JPN,38,A2_0,1,3.790948927,2.449860485,0.043879908,3.084784483,620.0327586,0.755977011,0.723536585,0.684931507,0.164383562,0.075342466,0.022061767,6.951612903,0.967741935
W_HKG_005.txt,HKG,30,B1_1,2,3.95007839,2.55006145,0.049881235,2.990508475,607.1631356,0.738588957,0.691126761,0.834586466,0.090225564,0.097744361,0.037832052,8.096153846,0.615384615
W_CHN_086.txt,CHN,26,B1_1,2,3.676144231,2.394505653,0.046025105,3.094580153,620.2338224,0.751368421,0.745876289,1.04137931,0.220689655,0.165517241,0.039273279,7.868852459,1.032786885
W_CHN_092.txt,CHN,23,A2_0,1,3.692220848,2.471761371,0.040856031,3.062055749,617.6108961,0.750139535,0.71857868,1.050724638,0.188405797,0.137681159,0.015905291,9.518518519,1.074074074
W_THA_104.txt,THA,29,B1_1,2,3.870156388,2.607599411,0.033653846,3.050176211,615.3372646,0.759757576,0.74618705,1.030769231,0.1,0.184615385,0.033537244,8.510204082,0.979591837
W_CHN_048.txt,CHN,31,B1_1,2,3.912447163,2.593568675,0.039911308,2.921438596,612.4082437,0.807709497,0.820310881,0.938461538,0.269230769,0.092307692,0.023311628,9.06,1.08
W_THA_110.txt,THA,38,B1_2,3,4.012305652,2.62045223,0.033018868,3.16473913,613.6013043,0.716277778,0.671111111,1.015503876,0.07751938,0.085271318,0.016517829,8.653061224,0.755102041
W_CHN_060.txt,CHN,25,B1_1,2,3.801714768,2.554682012,0.039534884,3.014403292,620.2673391,0.716637681,0.662666667,1,0.253846154,0.153846154,0.034726218,9.347826087,1.260869565
W_SIN_046.txt,SIN,47,B2_0,4,3.633352424,2.392026747,0.063439065,2.939787234,630.3167692,0.817640232,0.861478261,1.218934911,0.207100592,0.100591716,0.019627601,9.090909091,1.045454545
W_SIN_091.txt,SIN,45,B1_2,3,3.21457943,2.138655619,0.069090909,3.047491857,642.7676948,0.794700855,0.84,1.260869565,0.310559006,0.254658385,0.02671331,12.8372093,1.697674419
W_SIN_085.txt,SIN,47,B2_0,4,3.301119632,2.222300335,0.07925801,2.93015625,629.0826019,0.736807692,0.736666667,1.211764706,0.282352941,0.235294118,0.036164215,13.24444444,1.577777778
W_SIN_126.txt,SIN,41,B1_2,3,3.72400463,2.318520982,0.029411765,2.892175926,631.8720465,0.750223464,0.828120301,0.901515152,0.151515152,0.106060606,0.043710219,9.020408163,0.918367347
W_JPN_278.txt,JPN,20,A2_0,1,3.884629412,2.405274524,0.034642032,3.174577778,608.9572146,0.743446328,0.716774194,0.877862595,0.13740458,0.076335878,0.022528736,8.326923077,0.846153846
W_SIN_132.txt,SIN,47,B2_0,4,3.388470037,2.288679627,0.081761006,2.871977186,642.036203,0.76715736,0.775480226,1.347517731,0.283687943,0.255319149,0.033042143,11.975,1.775
W_JPN_250.txt,JPN,23,B1_1,2,3.854495833,2.447454989,0.049019608,3.008511628,620.1588426,0.727701863,0.723918919,0.808,0.168,0.072,0.009431879,7.418181818,0.854545455
W_JPN_287.txt,JPN,42,A2_0,1,4.163745935,2.673040455,0.036781609,2.928835341,608.5595902,0.699408284,0.615310345,0.894736842,0.187969925,0.112781955,0.011710588,7.5,0.931034483
W_CHN_128.txt,CHN,29,B1_1,2,3.869767658,2.488339961,0.03502627,3.040408922,613.4931343,0.761195876,0.787894737,0.994252874,0.172413793,0.166666667,0.036838082,8.921875,1.03125
W_THA_064.txt,THA,23,A2_0,1,4.123252239,2.638814547,0.035320088,3.123185185,610.8027612,0.703195592,0.704352941,0.850340136,0.12244898,0.115646259,0.018666239,7.55,0.683333333
W_CHN_100.txt,CHN,33,B1_1,2,3.878879866,2.563798539,0.037168142,3.020364238,615.5297627,0.781350211,0.786990291,0.807486631,0.160427807,0.096256684,0.037382306,8.575757576,0.909090909
W_JPN_046.txt,JPN,30,B1_1,2,3.954107,2.524728102,0.015665796,3.045544554,610.2475879,0.733486842,0.69963964,0.609756098,0.089430894,0.097560976,0.008958017,6.963636364,0.618181818
W_KOR_234.txt,KOR,41,B2_0,4,3.79721573,2.36401664,0.046052632,3.260301887,615.963609,0.687659574,0.663541667,0.932432432,0.195945946,0.263513514,0.021916819,9.70212766,1.489361702
W_THA_059.txt,THA,35,B1_1,2,3.8798,2.542554554,0.038934426,2.838149466,622.4853846,0.76490099,0.730421053,0.825806452,0.180645161,0.141935484,0.030333707,8.271186441,1
W_CHN_101.txt,CHN,35,B1_1,2,3.586775397,2.237824312,0.064182195,3.001181102,624.9328685,0.789249395,0.817291667,0.920529801,0.251655629,0.112582781,0.031410648,9.66,1.24
W_THA_065.txt,THA,21,A2_0,1,3.99868252,2.551224565,0.040865385,3.067269076,605.5074694,0.720923077,0.696107383,1,0.15037594,0.120300752,0.019449218,8.489795918,0.959183673
W_THA_298.txt,THA,33,B1_1,2,4.05160681,2.444406364,0.023172906,2.961470588,613.491685,0.75113082,0.802560976,0.841176471,0.1,0.111764706,0.015645492,7.594594595,0.837837838
W_SIN_127.txt,SIN,43,B1_2,3,3.771211159,2.447265534,0.043165468,3.110085106,620.1254978,0.745614035,0.741818182,0.974576271,0.177966102,0.220338983,0.025348589,10.97368421,1.105263158
W_TWN_147.txt,TWN,38,B1_1,2,3.845954296,2.424627188,0.04789272,3.139966102,617.2249306,0.801020882,0.764311927,0.822368421,0.203947368,0.059210526,0.029968081,8.716666667,1.1
W_CHN_277.txt,CHN,32,B2_0,4,3.798583824,2.463781591,0.059273423,2.900989011,623.6090741,0.744484305,0.759285714,1.221518987,0.227848101,0.234177215,0.027680587,12.23255814,1.558139535
W_THA_313.txt,THA,30,B1_1,2,4.128477119,2.635494206,0.031818182,3.242016807,610.8210256,0.699831933,0.670263158,0.705128205,0.096153846,0.134615385,0.018031377,7.196721311,0.803278689
W_JPN_319.txt,JPN,19,A2_0,1,3.788359657,2.351395616,0.032258065,3.150769231,615.4345614,0.681647059,0.62654321,0.827160494,0.117283951,0.172839506,0.019576046,7.639344262,0.868852459
W_CHN_061.txt,CHN,19,A2_0,1,3.820279508,2.48305787,0.027272727,3.180201613,614.3188934,0.768531073,0.776903226,1.02238806,0.119402985,0.126865672,0.021761124,8.82,1.04
W_THA_105.txt,THA,29,B1_1,2,4.022431048,2.5304019,0.041062802,3.222793522,609.3398361,0.701065089,0.69556962,0.842465753,0.171232877,0.136986301,0.022026107,8.28,0.86
W_THA_113.txt,THA,35,B1_1,2,3.909477542,2.512325171,0.021598272,2.961422594,615.8568803,0.702216066,0.706190476,0.930555556,0.173611111,0.118055556,0.019747101,8.267857143,1.017857143
W_JPN_119.txt,JPN,20,A2_0,1,3.886588889,2.482744143,0.048723898,3.067295082,612.242839,0.714857143,0.675582822,0.717391304,0.173913043,0.079710145,0.038447061,7.183333333,0.766666667
W_CHN_063.txt,CHN,35,B1_1,2,3.999365351,2.553922222,0.053571429,3.072222222,609.8149333,0.731086957,0.68,0.950704225,0.218309859,0.098591549,0.02908991,8,0.857142857
W_CHN_077.txt,CHN,34,B1_1,2,3.893033632,2.493172152,0.030769231,2.878222222,609.3267123,0.788473684,0.824697987,0.964788732,0.176056338,0.147887324,0.020777504,8.58490566,0.924528302
W_CHN_088.txt,CHN,28,B1_1,2,3.817525463,2.43154847,0.052109181,2.972803738,614.7278972,0.772448378,0.75443038,0.872180451,0.210526316,0.142857143,0.012033223,8.574468085,1.085106383
W_TWN_192.txt,TWN,41,B1_1,2,3.745189627,2.437448373,0.041666667,2.977613169,617.4446414,0.787696793,0.769685535,1.080645161,0.177419355,0.14516129,0.026109198,11.1025641,1.358974359
W_SIN_079.txt,SIN,45,B1_2,3,3.58747393,2.257252042,0.061833689,3.008844622,635.4866265,0.776640827,0.782643678,0.879032258,0.233870968,0.072580645,0.022785161,9.673469388,1.020408163
W_TWN_179.txt,TWN,27,A2_0,1,3.84889907,2.47654672,0.071782178,2.938169014,621.3391122,0.692142857,0.614787879,1.07751938,0.240310078,0.139534884,0.016023618,9.853658537,1.365853659
W_THA_265.txt,THA,16,A2_0,1,3.943877733,2.518006447,0.028037383,2.991440329,611.8711203,0.744,0.789370629,0.969924812,0.15037594,0.142857143,0.013711439,8.734693878,1.040816327
W_THA_259.txt,THA,25,B1_1,2,4.041308155,2.562066763,0.03271028,2.997456897,613.0984279,0.745813953,0.733731343,0.9,0.146153846,0.061538462,0.007950508,7.781818182,0.763636364
W_JPN_284.txt,JPN,40,A2_0,1,3.889815385,2.525045261,0.036781609,3.114117647,612.6119397,0.773960114,0.75509434,0.97037037,0.2,0.155555556,0.014270641,8.72,1.12
W_JPN_290.txt,JPN,40,B1_1,2,3.940265532,2.529982917,0.024122807,3.167381974,609.7531624,0.763333333,0.76047619,0.899280576,0.172661871,0.122302158,0.025295184,8.290909091,1.018181818
W_KOR_021.txt,KOR,32,A2_0,1,4.000504846,2.542609295,0.029776675,3.239515419,611.4733186,0.75257329,0.78015625,0.697674419,0.07751938,0.07751938,0.013234118,7.901960784,0.666666667
W_CHN_117.txt,CHN,22,A2_0,1,3.868050228,2.500454512,0.026699029,3.107954545,613.9095872,0.776298507,0.759866667,0.755725191,0.213740458,0.106870229,0.033443301,7.923076923,0.923076923
W_KOR_237.txt,KOR,37,B2_0,4,3.585504274,2.278846685,0.042316258,3.066565217,622.1230172,0.754317549,0.712919255,0.802816901,0.11971831,0.169014085,0.032922959,8.145454545,1.018181818
W_JPN_093.txt,JPN,31,A2_0,1,4.136236744,2.632798061,0.019047619,2.891105769,605.258093,0.668181818,0.56,0.76119403,0.082089552,0.149253731,0.02768258,6.774193548,0.64516129
W_JPN_044.txt,JPN,32,B1_1,2,4.154248095,2.660562192,0.026004728,3.058785047,609.7911429,0.708603989,0.683458647,0.741071429,0.125,0.098214286,0.013119296,9.195652174,0.608695652
W_JPN_291.txt,JPN,40,A2_0,1,3.708904016,2.428325167,0.024070022,3.10677551,619.9868571,0.725053763,0.754267516,0.765957447,0.156028369,0.127659574,0.038248119,8.01754386,0.859649123
W_THA_258.txt,THA,21,A2_0,1,3.973666957,2.596018113,0.02676399,3.36573913,608.8659471,0.63699115,0.608701299,1.189655172,0.129310345,0.120689655,0.014913851,10.26829268,0.975609756
W_THA_270.txt,THA,39,B1_2,3,3.954978423,2.553887558,0.036866359,2.979713115,610.5755649,0.780670391,0.754705882,0.866197183,0.154929577,0.133802817,0.024286512,8.037037037,1.037037037
W_SIN_093.txt,SIN,47,B2_0,4,3.562774532,2.255017069,0.04296875,3.167769231,625.1212741,0.736818182,0.700430108,1.118881119,0.202797203,0.104895105,0.015397885,10.24,1
W_SIN_087.txt,SIN,47,B2_0,4,3.540820652,2.289437376,0.093567251,2.900899281,626.2711355,0.791873589,0.811014493,1.080745342,0.260869565,0.217391304,0.034062741,10.6875,1.520833333
W_THA_338.txt,THA,28,B1_1,2,3.926294776,2.512045955,0.03526971,3.290223048,612.4795167,0.724466019,0.684916201,0.754716981,0.106918239,0.081761006,0.02355396,7.578125,0.859375
W_KOR_197.txt,KOR,30,A2_0,1,3.797489189,2.362386256,0.041769042,2.972624434,618.3193694,0.718026316,0.769714286,0.951219512,0.211382114,0.146341463,0.028304368,6.672131148,0.868852459
W_SIN_044.txt,SIN,47,B2_0,4,3.508025764,2.245497401,0.06557377,2.828716814,643.5054425,0.796514286,0.846928105,1.079365079,0.206349206,0.206349206,0.037914835,11.54054054,1.297297297
W_CHN_076.txt,CHN,30,B1_1,2,3.743167025,2.417960079,0.037735849,3.06125448,620.5382246,0.81285,0.789117647,0.806666667,0.193333333,0.1,0.015837963,9.52,1.18
W_JPN_124.txt,JPN,20,A2_0,1,3.913939091,2.535736771,0.02905569,3.060844444,616.7751613,0.75427673,0.702608696,0.796875,0.1328125,0.109375,0.019332422,8.26,0.98
W_JPN_130.txt,JPN,20,A2_0,1,4.049698141,2.566817184,0.023454158,2.946703704,612.6448496,0.690546448,0.640232558,0.6,0.126666667,0.073333333,0.025478987,6.253333333,0.626666667
W_JPN_118.txt,JPN,20,A2_0,1,3.886316827,2.512013544,0.02195122,3.142293578,606.3806965,0.708616352,0.67837037,0.863636364,0.189393939,0.113636364,0.016167825,7.321428571,0.821428571
W_PAK_039.txt,PAK,37,B1_1,2,3.686428063,2.458282955,0.064935065,2.824527559,618.5244355,0.792341598,0.822236025,1.2578125,0.25,0.140625,0.016895857,10,1.173913043
W_JPN_134.txt,JPN,29,A2_0,1,3.807390449,2.31501399,0.035040431,3.004011299,620.7081714,0.729295775,0.738,0.869565217,0.156521739,0.104347826,0.011048209,8.108695652,0.956521739
W_CHN_072.txt,CHN,23,A2_0,1,3.722195089,2.430615987,0.046838407,3.006315789,622.7575455,0.741642229,0.769577465,0.844444444,0.155555556,0.103703704,0.028726183,9.106382979,0.872340426
W_JPN_108.txt,JPN,20,A2_0,1,3.767358804,2.392861468,0.026501767,3.102218543,615.699701,0.711598174,0.676440678,0.988888889,0.222222222,0.138888889,0.012951252,8.1,1.042857143
W_CHN_099.txt,CHN,24,A2_0,1,3.916676754,2.51294964,0.035128806,2.897412281,613.1935874,0.771137026,0.7636,0.959016393,0.237704918,0.106557377,0.030106926,9.085106383,1.106382979
W_JPN_322.txt,JPN,29,B1_1,2,3.678725424,2.295105254,0.028436019,3.269449153,625.3912832,0.780815047,0.804705882,0.844262295,0.180327869,0.098360656,0.016071378,8.612244898,1.346938776
W_SIN_040.txt,SIN,45,B1_2,3,3.68044698,2.414446436,0.046017699,2.790574324,626.1818983,0.775645161,0.782242991,0.958823529,0.241176471,0.117647059,0.012483418,10.48148148,1.444444444
W_JPN_242.txt,JPN,21,A2_0,1,3.896853365,2.461972714,0.03406326,3.221105769,609.7744928,0.685521472,0.635177305,0.796875,0.1640625,0.125,0.027063112,7.716981132,0.905660377
W_JPN_256.txt,JPN,26,B1_2,3,3.852268619,2.498415276,0.037735849,2.901916667,607.5399149,0.799221557,0.757677419,0.741935484,0.233870968,0.080645161,0.026414739,7.571428571,0.821428571
W_THA_260.txt,THA,48,B2_0,4,4.060059701,2.594062261,0.023688663,2.963816568,616.9387952,0.754044266,0.728909953,0.937823834,0.113989637,0.18134715,0.018612415,9.092307692,0.907692308
W_JPN_281.txt,JPN,44,B1_1,2,3.778046847,2.414414862,0.034632035,3.242280702,613.622186,0.704116095,0.658947368,0.8,0.14,0.08,0.024435431,7.7,0.716666667
W_KOR_024.txt,KOR,42,B1_2,3,3.64934898,2.323047239,0.059665871,3.219958506,622.6282645,0.73271028,0.715058824,1.052631579,0.233082707,0.15037594,0.016214155,9.697674419,1.162790698
W_JPN_083.txt,JPN,33,A2_0,1,3.927357273,2.450264584,0.00990099,3.159908257,612.4072811,0.731830065,0.710074074,0.682539683,0.111111111,0.055555556,0.01879791,6.412698413,0.555555556
W_KOR_227.txt,KOR,30,B2_0,4,3.781409852,2.400830223,0.037333333,3.05615,618.2791,0.603729904,0.532108844,1.069565217,0.191304348,0.139130435,0.022024361,8.928571429,1.19047619
W_JPN_069.txt,JPN,32,B2_0,4,4.002476623,2.572749569,0.023923445,3.059411765,609.1392478,0.701605351,0.700153846,0.482517483,0.160839161,0.048951049,0.017366242,5.971428571,0.557142857
W_THA_063.txt,THA,18,A2_0,1,3.888559055,2.575583246,0.027210884,3.060722892,614.47988,0.784640884,0.731180124,0.878787879,0.166666667,0.128787879,0.037352671,9.608695652,0.97826087
W_CHN_113.txt,CHN,30,B1_1,2,4.032805515,2.665376894,0.034951456,2.970989011,613.9979779,0.73006993,0.713496933,0.791139241,0.107594937,0.075949367,0.021766586,7.617647059,0.823529412
W_JPN_041.txt,JPN,40,B2_0,4,3.933538435,2.510139211,0.056122449,2.927676768,621.2333219,0.716833667,0.676517857,1.074074074,0.216931217,0.174603175,0.02763786,8.791044776,1.119402985
W_KOR_031.txt,KOR,38,A2_0,1,4.039386726,2.494263227,0.01793722,3.114612069,611.3861161,0.692612613,0.665531915,0.828571429,0.107142857,0.092857143,0.019553222,6.757575758,0.651515152
W_SIN_121.txt,SIN,46,B1_2,3,3.471098729,2.220556387,0.064587973,2.916923077,632.7590987,0.7533687,0.808170732,1.341269841,0.285714286,0.214285714,0.019085648,12.13513514,1.864864865
W_THA_275.txt,THA,44,B1_2,3,3.919879216,2.482236928,0.029684601,2.738631179,620.5840157,0.803990499,0.8335,0.958333333,0.166666667,0.125,0.01988575,8.619047619,0.825396825
W_THA_249.txt,THA,42,B1_2,3,3.902161883,2.537873963,0.0215311,3.153378995,613.3619635,0.749846154,0.749022556,1.060606061,0.143939394,0.143939394,0.037079108,8.530612245,0.93877551
W_JPN_243.txt,JPN,22,B1_1,2,3.926553991,2.445605066,0.023041475,3.179386792,619.1455869,0.699453552,0.580939597,0.848484848,0.151515152,0.037878788,0.01965555,6.888888889,0.80952381
W_KOR_145.txt,KOR,30,A2_0,1,3.897566129,2.488193274,0.046255507,3.01612,614.6492653,0.769779006,0.838,0.985714286,0.164285714,0.185714286,0.013976128,8.769230769,0.884615385
W_SIN_055.txt,SIN,45,B1_2,3,3.734055859,2.434252015,0.052173913,3.033937008,618.6641434,0.780106101,0.841333333,1.141843972,0.141843972,0.134751773,0.015696819,10.45454545,1.113636364
W_SIN_041.txt,SIN,43,B1_2,3,3.492869369,2.19143044,0.062650602,2.938287037,628.8073272,0.766358382,0.762368421,1.075,0.241666667,0.191666667,0.053089497,10.425,1.4
W_SIN_069.txt,SIN,46,B1_2,3,3.351331148,2.234069554,0.077262693,3.095696203,637.6697899,0.748451444,0.779130435,1.069767442,0.186046512,0.11627907,0.028881088,11.325,1.075
W_JPN_337.txt,JPN,18,B1_1,2,3.86047277,2.441356282,0.042183623,2.913474178,612.1393839,0.721666667,0.739565217,0.822580645,0.217741935,0.056451613,0.015252091,7.603773585,0.867924528
W_HKG_027.txt,HKG,33,B2_0,4,3.719895911,2.468851482,0.062962963,3.06130597,622.6697736,0.750425056,0.781538462,1.12195122,0.201219512,0.146341463,0.02700858,9.152542373,1.237288136
W_THA_103.txt,THA,34,A2_0,1,4.262890222,2.678033692,0.020316027,3.114298246,602.5075893,0.731204482,0.683013699,0.64516129,0.15483871,0.096774194,0.020361675,7.383333333,0.75
W_JPN_109.txt,JPN,20,A2_0,1,4.156508962,2.561043804,0.025462963,3.022453704,606.5191509,0.696755162,0.625915493,0.684615385,0.161538462,0.053846154,0.007258071,7.098360656,0.836065574
W_JPN_135.txt,JPN,23,A2_0,1,3.81879,2.406024639,0.03117506,3.163317757,620.3376667,0.71987988,0.687820513,0.976744186,0.139534884,0.178294574,0.020495977,9.065217391,1.086956522
W_JPN_123.txt,JPN,23,B1_1,2,3.953646538,2.612104688,0.027368421,3.188939394,608.598937,0.755543478,0.712748538,0.84375,0.09375,0.09375,0.013385996,8.464285714,0.875
W_JPN_137.txt,JPN,32,B1_2,3,4.137627,2.60238859,0.024038462,2.720432692,610.26275,0.799873817,0.788064516,0.737226277,0.094890511,0.116788321,0.025802805,6.933333333,0.733333333
W_JPN_321.txt,JPN,26,B1_1,2,3.844781416,2.407295808,0.029017857,3.194454148,608.6374667,0.763133903,0.75382716,0.78343949,0.159235669,0.127388535,0.032029023,7.344262295,0.770491803
W_SIN_057.txt,SIN,46,B1_2,3,3.509365854,2.259567407,0.070909091,3.001508772,630.5702151,0.73791411,0.701509434,1.046052632,0.223684211,0.184210526,0.042720107,10.78431373,1.137254902
W_TWN_180.txt,TWN,36,B2_0,4,3.720889076,2.478683702,0.040089087,2.939106383,619.9482979,0.785215054,0.846351351,1.0546875,0.1953125,0.109375,0.013068318,9.826086957,1.217391304
W_JPN_309.txt,JPN,50,B1_2,3,3.96592027,2.515404524,0.038724374,2.967644444,608.1654545,0.731319648,0.676760563,0.787671233,0.130136986,0.123287671,0.012471084,7.440677966,0.796610169
W_THA_317.txt,THA,22,A2_0,1,3.77799,2.397833164,0.05450237,2.985805085,626.526875,0.720368098,0.750405405,0.9921875,0.1796875,0.1640625,0.001391835,8.44,0.88
W_SIN_123.txt,SIN,47,B2_0,4,3.4732375,2.296641484,0.056910569,2.88453125,634.991502,0.770546318,0.792685714,1.176923077,0.192307692,0.169230769,0.018541806,12.07317073,1.365853659
W_KOR_033.txt,KOR,40,B1_1,2,3.758127715,2.362997692,0.046808511,3.212647059,622.7455639,0.719783198,0.668474576,0.802816901,0.091549296,0.098591549,0.029547666,8.245614035,0.859649123
W_TWN_037.txt,TWN,25,A2_0,1,3.80184383,2.390291019,0.042352941,3.019495798,622.2217521,0.779591837,0.78244898,0.921875,0.171875,0.1171875,0.026285549,8.5,0.88
W_CHN_105.txt,CHN,31,B1_1,2,3.956125957,2.545636313,0.045130641,2.981008403,616.6317521,0.731802326,0.673333333,0.923076923,0.213675214,0.068376068,0.028203648,8.770833333,0.9375
W_THA_049.txt,THA,38,B1_2,3,4.072326977,2.642031822,0.021791768,3.258262911,608.5056338,0.706268657,0.602015504,1.037037037,0.096296296,0.177777778,0.010446733,8.97826087,0.913043478
W_JPN_057.txt,JPN,34,B1_1,2,3.872907895,2.440487818,0.023255814,3.047831858,615.49163,0.738879056,0.775310345,0.956834532,0.194244604,0.165467626,0.024855977,8.62,1.18
W_KOR_231.txt,KOR,44,B2_0,4,3.841610305,2.491593613,0.046184739,3.008132296,616.4244788,0.757934272,0.729892473,1.032894737,0.217105263,0.164473684,0.030720519,9.764705882,1.176470588
W_KOR_219.txt,KOR,43,B2_0,4,3.649723404,2.401160739,0.06234414,3.249121339,618.681453,0.735408805,0.724358974,1.216666667,0.166666667,0.091666667,0.027117498,10.05,0.875
W_CHN_138.txt,CHN,29,B1_1,2,3.877076577,2.4809356,0.033557047,2.907079646,618.4912217,0.780700809,0.836783217,0.978571429,0.164285714,0.128571429,0.021913987,9.333333333,1.208333333
W_CHN_104.txt,CHN,28,B1_1,2,3.78814321,2.436742688,0.027842227,3.00661157,622.3535124,0.776883853,0.762111801,0.839694656,0.145038168,0.083969466,0.017644919,10.06976744,1.093023256
W_IDN_059.txt,IDN,33,B1_1,2,3.931914667,2.59113288,0.027777778,3.132114537,610.496278,0.757592593,0.704255319,0.885245902,0.196721311,0.12295082,0.012432303,10.42105263,1.157894737
W_THA_289.txt,THA,27,B1_1,2,3.889644538,2.507407254,0.038834951,3.162255319,614.6180085,0.700369231,0.666711409,1.173913043,0.086956522,0.182608696,0.026168339,9.386363636,1.045454545
W_SIN_136.txt,SIN,44,B1_2,3,3.462974924,2.24524842,0.065810594,2.978913043,634.4770062,0.755810565,0.750646388,1.337349398,0.28313253,0.192771084,0.033496479,10.38333333,1.366666667
W_THA_276.txt,THA,34,B1_1,2,4.232396,2.654115191,0.031890661,3.051377778,604.7136,0.720530504,0.736760563,0.855172414,0.15862069,0.103448276,0.017693423,9.340425532,0.914893617
W_THA_316.txt,THA,30,B1_1,2,4.175395631,2.618380641,0.024875622,3.046038647,610.7500976,0.720058651,0.678955224,1.084337349,0.204819277,0.096385542,0.017941194,8.06,1.24
W_JPN_308.txt,JPN,44,B1_2,3,3.910721395,2.442764913,0.01369863,3.289095023,614.4335514,0.728070175,0.66915493,0.654676259,0.100719424,0.107913669,0.018627105,8.93877551,0.836734694
W_THA_302.txt,THA,25,B1_1,2,4.113922814,2.660964309,0.026168224,2.977536765,615.5466031,0.638923767,0.58122905,0.942528736,0.149425287,0.086206897,0.015527327,7.133333333,0.693333333
W_THA_114.txt,THA,24,A2_0,1,4.159872273,2.604809428,0.029612756,2.859411765,607.8351598,0.674733728,0.657984496,0.882352941,0.058823529,0.080882353,0.022311564,7.440677966,0.593220339
W_THA_128.txt,THA,31,B1_1,2,3.907690625,2.499531413,0.028708134,2.98420354,616.2409091,0.768660436,0.805652174,0.661538462,0.115384615,0.092307692,0.021746913,7.464285714,0.660714286
W_CHN_064.txt,CHN,24,A2_0,1,3.97756171,2.589765747,0.025,3.047647059,615.6033585,0.76503856,0.783414634,0.914893617,0.163120567,0.106382979,0.020752448,8.642857143,0.892857143
W_JPN_122.txt,JPN,23,B1_1,2,3.94066599,2.559780424,0.01305483,3.05865,611.5121134,0.798200692,0.828076923,0.631147541,0.106557377,0.073770492,0.010509507,7.092592593,0.611111111
W_THA_167.txt,THA,21,A2_0,1,3.813162724,2.502091222,0.046875,3.032903226,619.5692832,0.772690355,0.846091954,0.953642384,0.158940397,0.145695364,0.016388775,8.694915254,0.898305085
W_HKG_094.txt,HKG,39,B1_2,3,3.984616738,2.517040418,0.0546875,2.981059322,608.033234,0.795625,0.73755102,1.009345794,0.214953271,0.102803738,0.019564467,9.6,0.825
W_JPN_151.txt,JPN,24,A2_0,1,3.738223247,2.315471397,0.061810155,3.012867925,612.3673106,0.746609195,0.715529412,0.748201439,0.136690647,0.129496403,0.013341654,7.078125,0.734375
W_JPN_192.txt,JPN,21,A2_0,1,3.791273953,2.321373089,0.017902813,3.168430493,617.9750943,0.710601504,0.651603053,0.606060606,0.159090909,0.053030303,0.01601722,6.661016949,0.711864407
W_THA_365.txt,THA,15,A2_0,1,4.100036576,2.726614505,0.024340771,3.065868726,614.2923438,0.690562347,0.582119205,0.943396226,0.050314465,0.144654088,0.007958323,9.666666667,0.823529412
W_SIN_151.txt,SIN,47,B2_0,4,3.569001976,2.307218636,0.057324841,2.84156,636.3656,0.761209068,0.773099415,1.136054422,0.231292517,0.142857143,0.020966784,8.6,1.127272727
W_SIN_179.txt,SIN,45,B1_2,3,3.428610185,2.207582118,0.077108434,2.964507042,634.6563679,0.77849162,0.80136646,1,0.231404959,0.140495868,0.03198312,9.880952381,0.928571429
W_TWN_045.txt,TWN,40,B1_1,2,3.863685892,2.493690716,0.044186047,3.052459016,617.7043983,0.765236769,0.715060241,0.932835821,0.208955224,0.067164179,0.033527647,8.346153846,0.980769231
W_SIN_186.txt,SIN,45,B1_2,3,3.542754386,2.286095963,0.070422535,3.068220641,621.2854064,0.765566038,0.734673367,1.014285714,0.2,0.135714286,0.021859392,10.57446809,1.212765957
W_SIN_192.txt,SIN,45,B1_2,3,3.366033007,2.215199288,0.047297297,2.867770492,639.7531023,0.758238748,0.823653846,1.11299435,0.163841808,0.186440678,0.017081176,12.33333333,1.291666667
W_KOR_041.txt,KOR,29,B1_1,2,3.673035652,2.331807012,0.04379562,3.405330396,608.5151818,0.646013072,0.622158273,0.833333333,0.094202899,0.115942029,0.03347668,8.744680851,0.893617021
W_THA_013.txt,THA,22,A2_0,1,4.08010383,2.583333393,0.02764977,3.182468619,605.5112987,0.74241573,0.687417219,0.640522876,0.08496732,0.189542484,0.015792702,7.614035088,0.894736842
W_JPN_019.txt,JPN,39,B1_2,3,3.834917871,2.492124725,0.00407332,3.197564576,620.4339615,0.70559194,0.658142077,0.993006993,0.195804196,0.118881119,0.019188381,8.465517241,0.982758621
W_JPN_031.txt,JPN,44,B1_2,3,3.910529536,2.483706463,0.026315789,3.143924051,611.5500851,0.786058981,0.813376623,0.738255034,0.100671141,0.11409396,0.023173824,7.616666667,0.766666667
W_CHN_177.txt,CHN,36,B1_2,3,3.780010305,2.392786311,0.049800797,3.072862595,623.8188931,0.746433566,0.712834225,0.888235294,0.182352941,0.123529412,0.023035305,8.278688525,1.06557377
W_KOR_257.txt,KOR,42,B2_0,4,3.850064981,2.43905273,0.048879837,2.914844961,624.5196875,0.79010582,0.766629834,0.896103896,0.24025974,0.064935065,0.02784171,8.049180328,0.93442623
W_JPN_024.txt,JPN,33,B1_1,2,3.857273395,2.449755324,0.0375,3.147741935,615.4766351,0.724414716,0.655944056,0.704545455,0.166666667,0.098484848,0.015062731,8.333333333,0.895833333
W_CHN_162.txt,CHN,33,B1_1,2,3.746208268,2.446018521,0.030567686,3.047992126,617.7148221,0.758526316,0.732216216,0.992805755,0.273381295,0.143884892,0.033552257,8.980392157,1.078431373
W_THA_006.txt,THA,43,B1_2,3,3.84393295,2.439085269,0.050574713,3.10755814,610.3544015,0.78851312,0.80627907,0.95862069,0.15862069,0.117241379,0.029010629,8.365384615,0.942307692
W_THA_012.txt,THA,14,A2_0,1,3.787957322,2.457114196,0.02919708,3.174644351,626.7822689,0.732807571,0.769795918,0.974576271,0.186440678,0.144067797,0.020114091,10.02439024,1.12195122
W_SIN_193.txt,SIN,46,B1_2,3,3.427715152,2.234376161,0.077586207,2.8825,631.954141,0.735577889,0.765212121,0.953020134,0.167785235,0.194630872,0.037726882,11.8974359,1.230769231
W_SIN_187.txt,SIN,46,B1_2,3,3.459698276,2.307968055,0.078767123,2.986184971,630.7017647,0.780443548,0.809469388,1.072727273,0.303030303,0.103030303,0.02500017,9.540983607,1.163934426
W_JPN_226.txt,JPN,22,A2_0,1,4.140493697,2.569959999,0.01750547,3.223526971,601.1382845,0.696,0.618780488,0.693333333,0.153333333,0.06,0.015421152,8.01754386,0.754385965
W_SIN_178.txt,SIN,45,B1_2,3,3.332338435,2.223963798,0.095948827,3.009482759,638.8238246,0.765873418,0.776666667,1.163120567,0.241134752,0.191489362,0.043137065,11.725,1.35
W_JPN_232.txt,JPN,27,B1_1,2,4.002973913,2.518111893,0.027227723,3.06942029,610.098744,0.702735562,0.726825397,0.768,0.104,0.12,0.009146759,7.481481481,0.833333333
W_TWN_118.txt,TWN,40,B2_0,4,3.701228333,2.412427992,0.036247335,3.074836066,621.9616596,0.770789474,0.879254658,1.03875969,0.201550388,0.162790698,0.011969602,12.72972973,1.513513514
W_JPN_391.txt,JPN,20,A2_0,1,4.161263229,2.703752385,0.016786571,3.119051724,605.8063063,0.648932039,0.563384615,0.781954887,0.082706767,0.07518797,0.018146191,6.619047619,0.619047619
W_JPN_385.txt,JPN,20,B1_1,2,4.232782773,2.680315301,0.019512195,3.243813559,605.0584388,0.60089172,0.509324324,0.94017094,0.128205128,0.128205128,0.018005626,6.40625,0.90625
W_TWN_124.txt,TWN,44,B2_0,4,4.0196545,2.574057302,0.043583535,3.041890547,609.1066,0.762746269,0.750895522,0.884615385,0.146153846,0.1,0.032935439,7.811320755,0.811320755
W_THA_358.txt,THA,20,A2_0,1,4.369874603,2.836377956,0.024886878,2.95501992,599.0169841,0.672797784,0.663026316,0.735099338,0.112582781,0.052980132,0.012709905,7.366666667,0.833333333
W_THA_370.txt,THA,36,B1_2,3,4.066031839,2.585575021,0.031400966,3.118844444,611.5500448,0.739050633,0.718222222,0.426470588,0.095588235,0.066176471,0.023240539,6.9,0.65
W_THA_364.txt,THA,24,A2_0,1,3.926373684,2.500717253,0.01980198,3.055511111,611.8680702,0.736918033,0.780882353,0.857142857,0.166666667,0.174603175,0.026573761,7.788461538,0.865384615
W_CHN_228.txt,CHN,43,B2_0,4,3.616238344,2.370822246,0.054961832,2.919604863,625.1932,0.79265233,0.782655602,1.082872928,0.226519337,0.160220994,0.030212254,9.776119403,1.164179104
W_CHN_016.txt,CHN,39,B1_2,3,4.005009615,2.563370064,0.030991736,2.891901141,613.6736434,0.722623762,0.694814815,0.986206897,0.2,0.103448276,0.025594712,9.307692308,0.942307692
W_THA_172.txt,THA,36,B1_2,3,4.053026502,2.611617587,0.078059072,3.046197183,605.2734043,0.687723785,0.610652174,1.233576642,0.204379562,0.087591241,0.02005538,8.943396226,1
W_JPN_178.txt,JPN,24,B1_1,2,3.73945297,2.344465955,0.02293578,3.072537313,615.6760914,0.652732394,0.6596,0.954198473,0.152671756,0.13740458,0.030746435,8.384615385,1.038461538
W_THA_164.txt,THA,13,A2_0,1,4.226597628,2.715693684,0.0155902,3.010790514,610.3988446,0.710252101,0.659727891,0.714285714,0.127819549,0.097744361,0.012253296,7.610169492,0.847457627
W_HKG_097.txt,HKG,30,B1_1,2,3.581556277,2.328598091,0.052631579,3.012703863,635.3344248,0.715909091,0.67304878,1.015625,0.2265625,0.171875,0.023276889,8.530612245,1.040816327
W_JPN_146.txt,JPN,31,A2_0,1,3.80369726,2.406338741,0.020576132,3.017894737,618.46625,0.757377892,0.767894737,0.598726115,0.070063694,0.089171975,0.019100544,7.147058824,0.558823529
W_CHN_014.txt,CHN,39,B1_2,3,3.611479104,2.348549584,0.069582505,3.003595506,626.8999245,0.755151515,0.804105263,1.027027027,0.236486486,0.114864865,0.024033992,9.314814815,1.018518519
W_THA_366.txt,THA,27,B1_1,2,4.152850192,2.675004819,0.032323232,2.994481481,608.2639689,0.734609164,0.729308176,0.675862069,0.124137931,0.110344828,0.019172287,7.25,0.632352941
W_JPN_344.txt,JPN,35,A2_0,1,3.947584211,2.48071056,0.041474654,3.02512,609.998898,0.73773913,0.70013245,0.71942446,0.165467626,0.100719424,0.013025447,7.233333333,0.55
W_JPN_393.txt,JPN,20,A2_0,1,3.87025041,2.438623325,0.034334764,3.006463415,612.0131687,0.70808399,0.705317919,0.954887218,0.22556391,0.067669173,0.012439118,8.192982456,1.087719298
W_IDN_161.txt,IDN,38,B2_0,4,3.897741288,2.565460913,0.035087719,3.001161049,609.6210769,0.739011765,0.775421687,1.094202899,0.195652174,0.108695652,0.0209403,10.46938776,0.979591837
W_JPN_387.txt,JPN,20,A2_0,1,3.754657789,2.363419951,0.036144578,3.112110553,618.9840609,0.731454545,0.745373134,1.015625,0.1875,0.1875,0.020119736,9.627906977,1.209302326
W_JPN_218.txt,JPN,28,B1_2,3,3.901635268,2.435865887,0.018823529,3.091111111,606.3693607,0.69545977,0.632582781,0.870967742,0.161290323,0.080645161,0.013064159,9.085106383,0.765957447
W_SIN_152.txt,SIN,46,B1_2,3,3.405969291,2.263294617,0.076923077,2.800722892,639.6512749,0.752769231,0.809808917,1.204225352,0.211267606,0.26056338,0.025993896,10.68181818,1.431818182
W_SIN_191.txt,SIN,44,B1_2,3,3.602735943,2.356491521,0.054,3.086654676,623.2260791,0.785981308,0.85044335,1.090322581,0.225806452,0.141935484,0.042700125,10.65957447,1.382978723
W_SIN_185.txt,SIN,47,B2_0,4,3.445269231,2.211083996,0.049295775,3.084504792,633.8061238,0.817349896,0.857079646,1.073170732,0.237804878,0.152439024,0.014833956,10.14285714,1.196428571
W_KOR_056.txt,KOR,37,B2_0,4,3.982708519,2.533580289,0.032119914,2.989236364,613.8786989,0.728660969,0.666585366,0.735714286,0.2,0.05,0.02056155,6.591549296,0.633802817
W_IDN_001.txt,IDN,33,B1_1,2,3.767855636,2.430251696,0.048582996,3.092166065,618.4929304,0.67575179,0.644263959,1.006756757,0.209459459,0.087837838,0.030448539,7.777777778,0.920634921
W_CHN_174.txt,CHN,35,B1_1,2,3.676064202,2.381666312,0.049079755,3.007,625.7522266,0.740722892,0.747868852,0.842465753,0.171232877,0.136986301,0.017761253,9.055555556,1.055555556
W_JPN_026.txt,JPN,35,B1_1,2,3.851096552,2.541805024,0.032894737,3.098527132,615.6430651,0.759941349,0.728848485,0.721518987,0.088607595,0.094936709,0.013571218,8.01754386,0.824561404
W_JPN_032.txt,JPN,36,B1_1,2,4.021720346,2.523761972,0.004694836,3.240782609,605.2428947,0.757380192,0.717183099,0.748201439,0.179856115,0.071942446,0.031302741,8.693877551,0.87755102
W_CHN_160.txt,CHN,35,B2_0,4,3.730414602,2.393510956,0.064285714,2.805486726,622.0519469,0.785043988,0.783229814,0.877192982,0.271929825,0.070175439,0.017300329,8.936170213,1
W_KOR_240.txt,KOR,40,B2_0,4,3.8385008,2.456475058,0.049040512,3.097896825,616.8957028,0.727896104,0.745365854,0.914893617,0.170212766,0.092198582,0.030944353,9.196078431,0.843137255
W_KOR_282.txt,KOR,40,B2_0,4,3.735538941,2.461914169,0.047619048,3.03959375,621.8949057,0.7518591,0.711333333,1.080745342,0.242236025,0.167701863,0.030518584,9.85,1.416666667
W_KOR_057.txt,KOR,42,B2_0,4,3.958329218,2.469897786,0.022573363,3.279537815,612.6288797,0.685014085,0.605031447,0.774834437,0.145695364,0.152317881,0.013663603,7.637931034,0.948275862
W_SIN_190.txt,SIN,44,B1_2,3,3.402597348,2.158054086,0.06122449,2.982784314,643.8507722,0.764598698,0.808542714,1.162162162,0.216216216,0.236486486,0.00920696,9.625,1.232142857
W_JPN_225.txt,JPN,21,B1_1,2,3.861540726,2.478423224,0.023758099,3.11284,615.835668,0.767093333,0.756790123,0.765957447,0.163120567,0.113475177,0.021791906,8.574074074,0.87037037
W_JPN_386.txt,JPN,23,B1_1,2,4.115688789,2.612497917,0.023640662,3.058834081,605.418296,0.699594203,0.640149254,0.768656716,0.074626866,0.141791045,0.015436816,6.822580645,0.758064516
W_JPN_392.txt,JPN,22,B1_1,2,4.000712917,2.505611415,0.023474178,2.999428571,607.581125,0.747317073,0.687662338,0.707317073,0.178861789,0.048780488,0.024238115,7.888888889,0.796296296
W_JPN_351.txt,JPN,25,B1_1,2,3.668207179,2.277440443,0.032697548,3.096410256,614.4052332,0.77270073,0.784793388,0.702702703,0.162162162,0.09009009,0.003524068,8.155555556,0.8
W_SIN_033.txt,SIN,43,B1_2,3,3.498702135,2.182459015,0.051601423,3.101428571,628.4061511,0.725887097,0.793302752,1.024691358,0.234567901,0.141975309,0.024850357,12.77272727,1.5
W_SIN_027.txt,SIN,44,B1_2,3,3.38542765,2.1144386,0.044917258,2.999521531,643.8013889,0.786417445,0.844186047,1.152542373,0.194915254,0.144067797,0.038512667,10.07142857,0.928571429
W_JPN_184.txt,JPN,18,A2_0,1,3.710640654,2.349557803,0.039506173,3.087523364,619.4484112,0.70939759,0.692337662,0.930769231,0.161538462,0.169230769,0.014158627,10.125,1.5
W_CHN_001.txt,CHN,30,B1_1,2,3.839633852,2.441332638,0.047717842,3.072996109,614.3764844,0.767493797,0.738034682,1.006535948,0.235294118,0.14379085,0.013061865,7.901639344,1.049180328
W_THA_165.txt,THA,24,A2_0,1,3.592414679,2.23494354,0.049295775,3.319272727,617.9053704,0.706163522,0.699866667,1.169230769,0.184615385,0.246153846,0.018546255,10.65,1.6
W_CHN_029.txt,CHN,28,B1_1,2,3.720825581,2.407674218,0.034567901,3.022803738,613.8171495,0.794879518,0.754057971,0.967213115,0.196721311,0.106557377,0.030694823,10.125,1.125
W_THA_171.txt,THA,39,B1_2,3,3.845170136,2.44898304,0.041262136,3.083076923,618.0514932,0.762758621,0.738503401,0.940298507,0.149253731,0.111940299,0.035612609,8.956521739,1.065217391
W_THA_149.txt,THA,26,B1_1,2,4.195041296,2.648240992,0.02360515,2.962131148,610.4291429,0.696716418,0.68496732,0.70212766,0.14893617,0.04964539,0.026276115,6.867647059,0.705882353
W_HKG_045.txt,HKG,39,B2_0,4,3.447741122,2.212228867,0.066831683,2.853694581,633.0373892,0.793421053,0.821085271,0.768595041,0.148760331,0.090909091,0.033527191,9.25,1.090909091
W_JPN_341.txt,JPN,24,B1_1,2,3.933046544,2.480488061,0.020454545,3.211576577,613.6988372,0.69281768,0.65048951,0.736111111,0.111111111,0.104166667,0.02660376,6.984126984,0.746031746
W_THA_377.txt,THA,35,B1_1,2,4.026518212,2.575946266,0.037906137,3.221258278,605.1196667,0.744711316,0.686603774,0.994285714,0.154285714,0.091428571,0.026918776,8.161764706,0.838235294
W_SIN_037.txt,SIN,47,B2_0,4,3.499591923,2.278944527,0.068607069,2.879844358,631.4225,0.788699764,0.868087432,1.382978723,0.269503546,0.29787234,0.033990525,15.70967742,1.870967742
W_KOR_127.txt,KOR,43,B2_0,4,3.618395436,2.310769262,0.051801802,3.01090535,626.5976371,0.789588235,0.834771242,0.909774436,0.142857143,0.120300752,0.020789228,8.84,1
W_JPN_396.txt,JPN,20,A2_0,1,3.920614778,2.530560431,0.022277228,3.128970588,607.4589604,0.763594771,0.793076923,0.755725191,0.145038168,0.106870229,0.013643345,8.760869565,0.913043478
W_JPN_235.txt,JPN,21,B1_1,2,3.910871366,2.501020087,0.022883295,3.103257919,611.3980531,0.721722222,0.723714286,0.759124088,0.109489051,0.124087591,0.031778015,9.104166667,1
W_THA_217.txt,THA,46,B1_2,3,3.938352492,2.548094787,0.029360967,3.048032787,612.4395973,0.744214876,0.753113208,1.121212121,0.212121212,0.145454545,0.01896847,9.666666667,1.033333333
W_THA_029.txt,THA,38,B1_2,3,4.057322857,2.571658263,0.042056075,3.110404858,605.8021721,0.779585799,0.74310559,0.768707483,0.204081633,0.108843537,0.01135154,7.642857143,0.875
W_THA_015.txt,THA,45,B1_2,3,3.759950186,2.525331993,0.05399568,3.07891791,617.8234733,0.754402174,0.720115607,0.881118881,0.153846154,0.083916084,0.028400294,8.903846154,0.884615385
W_KOR_245.txt,KOR,44,B2_0,4,3.578519016,2.327017382,0.051851852,3.159570957,631.6455263,0.749978769,0.740900901,1.058823529,0.248366013,0.150326797,0.035306111,9.818181818,1.290909091
W_KOR_244.txt,KOR,44,B2_0,4,3.860235075,2.466764956,0.026422764,3.055522388,623.095709,0.686823529,0.670909091,1.027027027,0.209459459,0.162162162,0.01348577,9.86,1.24
W_CHN_158.txt,CHN,44,B1_2,3,3.687998198,2.343686598,0.049411765,2.918783784,633.8352941,0.805083799,0.869668874,0.968503937,0.212598425,0.157480315,0.020372169,10.36585366,1.268292683
W_KOR_287.txt,KOR,32,B2_0,4,3.722366935,2.442578362,0.034782609,3.121774194,621.4863415,0.735170455,0.680718563,0.861842105,0.184210526,0.111842105,0.014565115,8.941176471,1.078431373
W_CHN_164.txt,CHN,30,B1_1,2,4.158743019,2.656209264,0.017391304,3.110339623,610.4161509,0.728358974,0.713703704,0.804195804,0.181818182,0.111888112,0.02779804,8.903846154,0.980769231
W_KOR_046.txt,KOR,41,A2_0,1,3.718770175,2.279104377,0.03406326,3.022683983,623.2239035,0.768275862,0.774909091,0.824,0.216,0.072,0.019609584,7.339285714,0.821428571
W_TWN_081.txt,TWN,31,B1_2,3,3.976801154,2.574337924,0.021276596,2.916928839,616.2086719,0.776359223,0.830650888,0.884353741,0.149659864,0.12244898,0.024503523,8.508196721,0.836065574
W_JPN_397.txt,JPN,22,B1_1,2,3.880939224,2.38125664,0.032786885,3.041013216,614.2395909,0.803858521,0.787482014,0.705035971,0.079136691,0.129496403,0.037848566,8.37254902,0.784313725
W_THA_389.txt,THA,35,B1_1,2,3.949914902,2.524437067,0.032894737,3.015019455,613.5546429,0.669192201,0.634213836,0.89261745,0.120805369,0.147651007,0.034239335,8.160714286,0.982142857
W_SIN_036.txt,SIN,45,B1_2,3,3.641195018,2.414204357,0.054307116,2.85341637,624.970471,0.768374165,0.829361702,1.143835616,0.191780822,0.123287671,0.026729826,10.09433962,0.849056604
W_THA_376.txt,THA,38,B1_2,3,4.080848963,2.554806529,0.026785714,3.057427386,608.7496266,0.725817175,0.703870968,0.75862069,0.137931034,0.075862069,0.02489778,7.859649123,0.912280702
W_JPN_181.txt,JPN,24,A2_0,1,3.836048945,2.453726678,0.042918455,2.821983122,628.0400851,0.692526882,0.682631579,0.75,0.106060606,0.068181818,0.022132983,6.657142857,0.714285714
W_JPN_195.txt,JPN,30,B1_1,2,3.691929536,2.279410674,0.049881235,3.048625,620.3134894,0.734380665,0.703012048,0.72027972,0.181818182,0.097902098,0.017962797,8.096153846,0.903846154
W_THA_160.txt,THA,31,B1_1,2,4.098103614,2.672801409,0.026258206,3.068221344,609.5959109,0.777465565,0.773710692,0.706293706,0.104895105,0.104895105,0.015172688,8.01754386,0.578947368
W_THA_174.txt,THA,14,A2_0,1,3.910880603,2.599550056,0.043879908,2.944549356,609.8390435,0.760177515,0.747338129,0.842519685,0.149606299,0.094488189,0.017453922,9.577777778,0.777777778
W_CHN_010.txt,CHN,33,B1_1,2,3.797706637,2.406387646,0.040632054,2.810755556,617.2640179,0.792430939,0.867222222,1.078125,0.2109375,0.1484375,0.039364279,10.06818182,1.136363636
W_JPN_142.txt,JPN,33,B1_1,2,3.965773853,2.524397178,0.021791768,3.114090909,609.6731651,0.685046729,0.615714286,0.651851852,0.111111111,0.118518519,0.021107052,7.79245283,0.735849057
W_THA_148.txt,THA,33,B1_1,2,3.686606601,2.330101848,0.023809524,3.274693878,617.49,0.727836538,0.781938776,1.018867925,0.169811321,0.088050314,0.016779352,8.603174603,1.079365079
W_CHN_012.txt,CHN,35,B1_1,2,3.740568724,2.423720047,0.039583333,2.928755187,623.9405833,0.801974684,0.839622642,0.952380952,0.176870748,0.129251701,0.01574041,9.056603774,1
W_JPN_168.txt,JPN,21,B1_2,3,3.939869149,2.498637234,0.017699115,2.991493056,614.4146619,0.745820569,0.731004785,0.85380117,0.192982456,0.093567251,0.028910492,7.533333333,0.826666667
W_JPN_183.txt,JPN,22,A2_0,1,3.676549321,2.346161785,0.024017467,3.171531532,613.6516972,0.736246499,0.812702703,1.057142857,0.15,0.135714286,0.02188421,7.745762712,1.016949153
W_THA_348.txt,THA,33,B1_1,2,4.056242149,2.58963985,0.023364486,3.067983539,603.6830579,0.741107872,0.727594937,0.916666667,0.227272727,0.075757576,0.017788211,7.925925926,0.981481481
W_SIN_034.txt,SIN,45,B1_2,3,3.470373444,2.247168065,0.071578947,2.962301255,639.3947059,0.758305085,0.784166667,1.028776978,0.179856115,0.151079137,0.024003901,11.58536585,1.268292683
W_THA_360.txt,THA,46,B1_2,3,4.200928899,2.645870978,0.016241299,3.114196429,611.4278704,0.733123209,0.725954198,0.848920863,0.086330935,0.143884892,0.021776491,7.183333333,0.9
W_SIN_020.txt,SIN,44,B1_2,3,3.664103448,2.40345824,0.046666667,3.010732759,617.2326087,0.804526316,0.77260274,0.992307692,0.153846154,0.107692308,0.024889805,8.653846154,0.884615385
W_KOR_130.txt,KOR,45,B1_2,3,3.920346304,2.498218612,0.035490605,2.934224806,615.5680156,0.732802057,0.749883721,0.892086331,0.230215827,0.071942446,0.02861807,8,0.833333333
W_JPN_381.txt,JPN,20,A2_0,1,3.954022467,2.540092579,0.026960784,3.011837607,611.7268,0.707986348,0.664217687,0.6171875,0.1640625,0.0703125,0.011567639,7.157894737,0.789473684
W_IDN_167.txt,IDN,44,A2_0,1,3.772595941,2.429840302,0.029411765,3.147180451,618.8836059,0.751421911,0.757668712,1.012903226,0.141935484,0.129032258,0.044632759,8.5,1
W_TWN_120.txt,TWN,38,B2_0,4,3.588865198,2.342402316,0.058548009,2.923333333,633.2406696,0.79716763,0.857959184,1.254098361,0.245901639,0.196721311,0.019178452,8.895833333,1.1875
W_THA_228.txt,THA,36,B1_2,3,4.178068293,2.610734177,0.025641026,2.98858871,622.0127642,0.708301887,0.695875,0.927710843,0.114457831,0.126506024,0.014489105,8.177419355,0.903225806
W_SIN_168.txt,SIN,47,B2_0,4,3.293806726,2.155772452,0.081395349,2.832242152,640.2759729,0.7912,0.846629213,1.137681159,0.268115942,0.210144928,0.031464095,9.818181818,1.363636364
W_TWN_097.txt,TWN,40,B1_2,3,3.781569231,2.434940752,0.036585366,3.079153846,614.7582625,0.793762887,0.875888889,0.948387097,0.187096774,0.103225806,0.034433488,9.480769231,1.096153846
W_TWN_068.txt,TWN,39,B2_0,4,3.811578486,2.549087862,0.040540541,3.101215686,621.8697976,0.731373626,0.684166667,0.75862069,0.117241379,0.144827586,0.033435098,8.705882353,0.960784314
W_KOR_078.txt,KOR,35,B1_1,2,3.862809722,2.479420821,0.04109589,2.863242009,620.785,0.767380282,0.805797101,0.912162162,0.108108108,0.128378378,0.021083434,10.95,1.075
W_SIN_183.txt,SIN,47,B2_0,4,3.394219184,2.18358018,0.068897638,2.879057377,632.3929167,0.777324263,0.805934066,1.06993007,0.167832168,0.13986014,0.030302203,10.36734694,1.326530612
W_KOR_285.txt,KOR,46,B2_0,4,3.87645082,2.466933983,0.026030369,3.009713115,618.2342149,0.752950392,0.75962963,0.946969697,0.196969697,0.106060606,0.024524149,8.865384615,1.019230769
W_KOR_247.txt,KOR,43,B2_0,4,3.878252675,2.485230019,0.008810573,2.94557377,619.018375,0.770322581,0.829459459,0.811594203,0.152173913,0.144927536,0.031595126,9.659574468,1.042553191
W_JPN_009.txt,JPN,35,B2_0,4,3.770127016,2.40863594,0.055084746,3.118218623,620.5741129,0.725933504,0.72183908,0.993243243,0.162162162,0.189189189,0.020874012,8.740740741,0.981481481
W_JPN_021.txt,JPN,25,B1_2,3,4.09233876,2.56666888,0.026966292,3.147807692,600.5028295,0.744099723,0.711137725,0.896296296,0.214814815,0.088888889,0.0314089,8.557692308,1.038461538
W_SIN_196.txt,SIN,43,B1_2,3,3.590434483,2.296860204,0.069506726,2.938546256,628.4234199,0.744300518,0.736973684,1.007246377,0.202898551,0.195652174,0.027871758,9.695652174,1.217391304
W_KOR_079.txt,KOR,38,B2_0,4,3.675174031,2.404701578,0.063636364,3.032432432,618.3105447,0.785,0.798192771,0.9375,0.25,0.109375,0.021808387,8.461538462,1.076923077
W_TWN_041.txt,TWN,21,A2_0,1,3.763443933,2.384850427,0.060869565,2.903248945,612.8352321,0.768435013,0.791898734,0.868217054,0.186046512,0.100775194,0.032758829,8.381818182,0.963636364
W_THA_201.txt,THA,36,B1_2,3,4.248025564,2.711233245,0.030634573,2.934509091,600.1925095,0.688571429,0.590612245,0.753424658,0.260273973,0.075342466,0.028910711,7.15625,0.953125
W_JPN_223.txt,JPN,22,B1_1,2,3.601178838,2.338745747,0.033112583,3.182418033,621.9587815,0.771609195,0.782857143,0.683229814,0.124223602,0.111801242,0.021375167,6.878787879,0.712121212
W_SIN_035.txt,SIN,47,B2_0,4,3.388651311,2.136589992,0.052336449,2.911038462,633.7018605,0.810540541,0.909273743,0.98089172,0.191082803,0.121019108,0.027037337,12.87804878,1.56097561
W_THA_349.txt,THA,14,A2_0,1,3.701308824,2.331911065,0.029090909,3.215151515,619.6590494,0.738312655,0.764393064,1.25974026,0.123376623,0.194805195,0.023332295,10.57692308,1.038461538
W_JPN_357.txt,JPN,24,A2_0,1,3.941880556,2.605640046,0.034722222,2.852139535,614.4508411,0.794816901,0.817165354,0.875968992,0.139534884,0.139534884,0.011526201,9.191489362,1
W_JPN_343.txt,JPN,27,A2_0,1,3.707013488,2.362832564,0.034324943,2.941342593,625.7716279,0.727830986,0.762063492,0.848920863,0.107913669,0.129496403,0.015354223,8.568627451,0.803921569
W_THA_177.txt,THA,25,B1_1,2,3.600994539,2.39705878,0.061099796,3.022655172,628.472911,0.787445255,0.804827586,1.13986014,0.321678322,0.167832168,0.033931124,10.7826087,1.608695652
W_THA_163.txt,THA,12,A2_0,1,4.050485833,2.613273072,0.033898305,3.007083333,604.6332222,0.684537815,0.666818182,0.751322751,0.174603175,0.095238095,0.020296153,7.866666667,0.84
W_CHN_013.txt,CHN,39,B1_2,3,3.585946988,2.313222351,0.054054054,2.998072289,632.2930364,0.785162907,0.82183908,0.97080292,0.226277372,0.124087591,0.024428466,11.47619048,1.5